USE [ULMClubManager]
GO


SET IDENTITY_INSERT [dbo].[LOC] ON 
GO
INSERT [dbo].[LOC] ([LOC_ID], [LOC_CP], [LOC_NOM]) VALUES (1, N'4000', N'Glain')
GO
INSERT [dbo].[LOC] ([LOC_ID], [LOC_CP], [LOC_NOM]) VALUES (2, N'4000', N'Liège')
GO
INSERT [dbo].[LOC] ([LOC_ID], [LOC_CP], [LOC_NOM]) VALUES (3, N'4000', N'Rocourt')
GO
INSERT [dbo].[LOC] ([LOC_ID], [LOC_CP], [LOC_NOM]) VALUES (4, N'4020', N'Bressoux')
GO
INSERT [dbo].[LOC] ([LOC_ID], [LOC_CP], [LOC_NOM]) VALUES (5, N'4020', N'Jupille-sur-Meuse')
GO
INSERT [dbo].[LOC] ([LOC_ID], [LOC_CP], [LOC_NOM]) VALUES (6, N'4020', N'Liège')
GO
SET IDENTITY_INSERT [dbo].[LOC] OFF
GO


SET IDENTITY_INSERT [dbo].[MBR] ON 
GO
INSERT [dbo].[MBR] ([MBR_ID], [MBR_NOM], [MBR_PRN], [MBR_SEX], [MBR_DTE_NAI], [MBR_DTE_INS], [MBR_RUE], [MBR_NOM_RES], [MBR_NUM_IMM], [MBR_NUM_BTE], [MBR_NUM_TEL], [MBR_NUM_GSM], [MBR_ADR_MAIL], [MBR_ADM], [MBR_USR_PSD], [MBR_USR_PWD], [LOC_ID]) VALUES (9, N'Carter', N'Nick', N'M', CAST(N'1980-01-28T00:00:00.000' AS DateTime), CAST(N'2020-01-02T00:00:00.000' AS DateTime), N'Rue du Petit Blond', N'', NULL, N'4', NULL, N'0491323225', N'nick.carter@gmail.com', 0, N'legarsdubascote', N'28198001', 2)
GO
INSERT [dbo].[MBR] ([MBR_ID], [MBR_NOM], [MBR_PRN], [MBR_SEX], [MBR_DTE_NAI], [MBR_DTE_INS], [MBR_RUE], [MBR_NOM_RES], [MBR_NUM_IMM], [MBR_NUM_BTE], [MBR_NUM_TEL], [MBR_NUM_GSM], [MBR_ADR_MAIL], [MBR_ADM], [MBR_USR_PSD], [MBR_USR_PWD], [LOC_ID]) VALUES (10, N'McLean', N'AJ', N'M', CAST(N'1978-09-01T00:00:00.000' AS DateTime), CAST(N'2021-03-01T00:00:00.000' AS DateTime), N'Avenue de l''Observatoire', N'La baguette dorée', NULL, N'18', NULL, N'0478918873', N'mclean_aj@outlook.com', 0, N'rebelaveccause', N'09197801', 4)
GO
INSERT [dbo].[MBR] ([MBR_ID], [MBR_NOM], [MBR_PRN], [MBR_SEX], [MBR_DTE_NAI], [MBR_DTE_INS], [MBR_RUE], [MBR_NOM_RES], [MBR_NUM_IMM], [MBR_NUM_BTE], [MBR_NUM_TEL], [MBR_NUM_GSM], [MBR_ADR_MAIL], [MBR_ADM], [MBR_USR_PSD], [MBR_USR_PWD], [LOC_ID]) VALUES (12, N'Littrell', N'Brian', N'M', CAST(N'1975-02-20T00:00:00.000' AS DateTime), CAST(N'2020-01-02T00:00:00.000' AS DateTime), N'Boulevard de l''Audition', NULL, N'7', N'B', N'043676868', N'0499134679', N'brian.thomas.littrell@yahoo.com', 0, N'ingoditrust', N'20197502', 3)
GO
INSERT [dbo].[MBR] ([MBR_ID], [MBR_NOM], [MBR_PRN], [MBR_SEX], [MBR_DTE_NAI], [MBR_DTE_INS], [MBR_RUE], [MBR_NOM_RES], [MBR_NUM_IMM], [MBR_NUM_BTE], [MBR_NUM_TEL], [MBR_NUM_GSM], [MBR_ADR_MAIL], [MBR_ADM], [MBR_USR_PSD], [MBR_USR_PWD], [LOC_ID]) VALUES (14, N'Dorough', N'Howie', N'M', CAST(N'1973-08-22T00:00:00.000' AS DateTime), CAST(N'2021-05-15T00:00:00.000' AS DateTime), N'Quai de la Minuterie', NULL, N'89', N'A', NULL, N'0486927382', N'howie.d@gmail.com', 0, NULL, NULL, 1)
GO
INSERT [dbo].[MBR] ([MBR_ID], [MBR_NOM], [MBR_PRN], [MBR_SEX], [MBR_DTE_NAI], [MBR_DTE_INS], [MBR_RUE], [MBR_NOM_RES], [MBR_NUM_IMM], [MBR_NUM_BTE], [MBR_NUM_TEL], [MBR_NUM_GSM], [MBR_ADR_MAIL], [MBR_ADM], [MBR_USR_PSD], [MBR_USR_PWD], [LOC_ID]) VALUES (15, N'Richardson', N'Kevin', N'M', CAST(N'1971-10-03T00:00:00.000' AS DateTime), CAST(N'2020-10-27T00:00:00.000' AS DateTime), N'Route du Canada', NULL, NULL, N'78', NULL, N'0475259725', N'kevin.scott.richardson@yahoo.com', 1, N'kevintortueninja', N'03197110', 3)
GO
INSERT [dbo].[MBR] ([MBR_ID], [MBR_NOM], [MBR_PRN], [MBR_SEX], [MBR_DTE_NAI], [MBR_DTE_INS], [MBR_RUE], [MBR_NOM_RES], [MBR_NUM_IMM], [MBR_NUM_BTE], [MBR_NUM_TEL], [MBR_NUM_GSM], [MBR_ADR_MAIL], [MBR_ADM], [MBR_USR_PSD], [MBR_USR_PWD], [LOC_ID]) VALUES (16, N'D''Este', N'Laure', N'F', CAST(N'1985-04-04T00:00:00.000' AS DateTime), CAST(N'2019-11-01T00:00:00.000' AS DateTime), N'Rue Grande', NULL, NULL, N'112', NULL, N'0499220334', N'laure.deste@gmail.com', 1, N'agateau136', N'04198504', 1)
GO
INSERT [dbo].[MBR] ([MBR_ID], [MBR_NOM], [MBR_PRN], [MBR_SEX], [MBR_DTE_NAI], [MBR_DTE_INS], [MBR_RUE], [MBR_NOM_RES], [MBR_NUM_IMM], [MBR_NUM_BTE], [MBR_NUM_TEL], [MBR_NUM_GSM], [MBR_ADR_MAIL], [MBR_ADM], [MBR_USR_PSD], [MBR_USR_PWD], [LOC_ID]) VALUES (18, N'Matray', N'Philippe', N'M', CAST(N'1988-08-01T00:00:00.000' AS DateTime), CAST(N'2019-11-01T00:00:00.000' AS DateTime), N'Rue Vieille Voie', NULL, NULL, N'12', NULL, N'0473322929', N'ph.matray@gmail.com', 1, N'lejeunehomme', N'01198808', 1)
GO
SET IDENTITY_INSERT [dbo].[MBR] OFF
GO


INSERT [dbo].[PIL] ([MBR_ID], [PIL_NUM_LIC], [PIL_LIC_DTE_OBT], [PIL_LIC_DTE_EXP], [PIL_LIC_PAYS]) VALUES (9, N'978492520149437', CAST(N'2018-03-18T00:00:00.000' AS DateTime), CAST(N'2023-03-01T00:00:00.000' AS DateTime), N'BE')
GO
INSERT [dbo].[PIL] ([MBR_ID], [PIL_NUM_LIC], [PIL_LIC_DTE_OBT], [PIL_LIC_DTE_EXP], [PIL_LIC_PAYS]) VALUES (10, N'271900440660387', CAST(N'2021-01-01T00:00:00.000' AS DateTime), CAST(N'2026-01-01T00:00:00.000' AS DateTime), N'FR')
GO
INSERT [dbo].[PIL] ([MBR_ID], [PIL_NUM_LIC], [PIL_LIC_DTE_OBT], [PIL_LIC_DTE_EXP], [PIL_LIC_PAYS]) VALUES (12, N'713673960018620', CAST(N'2016-09-17T00:00:00.000' AS DateTime), CAST(N'2021-09-01T00:00:00.000' AS DateTime), N'ES')
GO
INSERT [dbo].[PIL] ([MBR_ID], [PIL_NUM_LIC], [PIL_LIC_DTE_OBT], [PIL_LIC_DTE_EXP], [PIL_LIC_PAYS]) VALUES (15, N'825321759806275', CAST(N'2020-02-03T00:00:00.000' AS DateTime), CAST(N'2025-02-01T00:00:00.000' AS DateTime), N'BE')
GO
INSERT [dbo].[PIL] ([MBR_ID], [PIL_NUM_LIC], [PIL_LIC_DTE_OBT], [PIL_LIC_DTE_EXP], [PIL_LIC_PAYS]) VALUES (18, N'253905114677819', CAST(N'2017-12-10T00:00:00.000' AS DateTime), CAST(N'2022-12-01T00:00:00.000' AS DateTime), N'BE')
GO


SET IDENTITY_INSERT [dbo].[RES] ON 
GO
INSERT [dbo].[RES] ([RES_ID], [RES_DTE], [RES_HEU_DEB], [RES_HEU_FIN], [MBR_ID]) VALUES (1, CAST(N'2020-02-01T00:00:00.000' AS DateTime), CAST(N'10:00:00' AS Time), CAST(N'11:00:00' AS Time), 9)
GO
INSERT [dbo].[RES] ([RES_ID], [RES_DTE], [RES_HEU_DEB], [RES_HEU_FIN], [MBR_ID]) VALUES (2, CAST(N'2020-11-01T00:00:00.000' AS DateTime), CAST(N'17:30:00' AS Time), CAST(N'19:00:00' AS Time), 15)
GO
INSERT [dbo].[RES] ([RES_ID], [RES_DTE], [RES_HEU_DEB], [RES_HEU_FIN], [MBR_ID]) VALUES (3, CAST(N'2020-12-15T00:00:00.000' AS DateTime), CAST(N'14:00:00' AS Time), CAST(N'16:00:00' AS Time), 12)
GO
INSERT [dbo].[RES] ([RES_ID], [RES_DTE], [RES_HEU_DEB], [RES_HEU_FIN], [MBR_ID]) VALUES (4, CAST(N'2021-03-05T00:00:00.000' AS DateTime), CAST(N'09:00:00' AS Time), CAST(N'10:30:00' AS Time), 10)
GO
INSERT [dbo].[RES] ([RES_ID], [RES_DTE], [RES_HEU_DEB], [RES_HEU_FIN], [MBR_ID]) VALUES (5, CAST(N'2021-04-04T00:00:00.000' AS DateTime), CAST(N'17:00:00' AS Time), CAST(N'19:00:00' AS Time), 9)
GO
INSERT [dbo].[RES] ([RES_ID], [RES_DTE], [RES_HEU_DEB], [RES_HEU_FIN], [MBR_ID]) VALUES (6, CAST(N'2021-04-04T00:00:00.000' AS DateTime), CAST(N'16:00:00' AS Time), CAST(N'19:00:00' AS Time), 18)
GO
INSERT [dbo].[RES] ([RES_ID], [RES_DTE], [RES_HEU_DEB], [RES_HEU_FIN], [MBR_ID]) VALUES (7, CAST(N'2021-07-20T00:00:00.000' AS DateTime), CAST(N'13:00:00' AS Time), CAST(N'15:00:00' AS Time), 12)
GO
INSERT [dbo].[RES] ([RES_ID], [RES_DTE], [RES_HEU_DEB], [RES_HEU_FIN], [MBR_ID]) VALUES (8, CAST(N'2021-08-02T00:00:00.000' AS DateTime), CAST(N'16:00:00' AS Time), CAST(N'19:00:00' AS Time), 18)
GO
INSERT [dbo].[RES] ([RES_ID], [RES_DTE], [RES_HEU_DEB], [RES_HEU_FIN], [MBR_ID]) VALUES (9, CAST(N'2021-08-03T00:00:00.000' AS DateTime), CAST(N'11:00:00' AS Time), CAST(N'13:00:00' AS Time), 15)
GO
INSERT [dbo].[RES] ([RES_ID], [RES_DTE], [RES_HEU_DEB], [RES_HEU_FIN], [MBR_ID]) VALUES (10, CAST(N'2021-08-07T00:00:00.000' AS DateTime), CAST(N'14:30:00' AS Time), CAST(N'17:00:00' AS Time), 18)
GO
INSERT [dbo].[RES] ([RES_ID], [RES_DTE], [RES_HEU_DEB], [RES_HEU_FIN], [MBR_ID]) VALUES (11, CAST(N'2021-08-07T00:00:00.000' AS DateTime), CAST(N'15:00:00' AS Time), CAST(N'18:00:00' AS Time), 9)
GO
INSERT [dbo].[RES] ([RES_ID], [RES_DTE], [RES_HEU_DEB], [RES_HEU_FIN], [MBR_ID]) VALUES (12, CAST(N'2021-08-10T00:00:00.000' AS DateTime), CAST(N'08:30:00' AS Time), CAST(N'10:00:00' AS Time), 10)
GO
INSERT [dbo].[RES] ([RES_ID], [RES_DTE], [RES_HEU_DEB], [RES_HEU_FIN], [MBR_ID]) VALUES (13, CAST(N'2021-08-11T00:00:00.000' AS DateTime), CAST(N'10:00:00' AS Time), CAST(N'12:00:00' AS Time), 10)
GO
SET IDENTITY_INSERT [dbo].[RES] OFF
GO


SET IDENTITY_INSERT [dbo].[RET] ON 
GO
INSERT [dbo].[RET] ([RET_ID], [RET_DTE_DEB], [RET_DTE_FIN], [RET_MOTIF], [MBR_ID]) VALUES (1, CAST(N'2021-05-01T00:00:00.000' AS DateTime), CAST(N'2021-07-01T00:00:00.000' AS DateTime), N'Non paiement de renouvellement de licence', 15)
GO
INSERT [dbo].[RET] ([RET_ID], [RET_DTE_DEB], [RET_DTE_FIN], [RET_MOTIF], [MBR_ID]) VALUES (2, CAST(N'2017-09-17T00:00:00.000' AS DateTime), CAST(N'2017-10-17T00:00:00.000' AS DateTime), N'Examen post 1ère obtention de licence échoué', 12)
GO
SET IDENTITY_INSERT [dbo].[RET] OFF
GO


SET IDENTITY_INSERT [dbo].[TYP] ON 
GO
INSERT [dbo].[TYP] ([TYP_ID], [TYP_NOM], [TYP_DES]) VALUES (1, N'Paramoteurs', N'test')
GO
INSERT [dbo].[TYP] ([TYP_ID], [TYP_NOM], [TYP_DES]) VALUES (2, N'Pendulaires', N'test')
GO
INSERT [dbo].[TYP] ([TYP_ID], [TYP_NOM], [TYP_DES]) VALUES (3, N'Appareils 3 axes', N'test')
GO
INSERT [dbo].[TYP] ([TYP_ID], [TYP_NOM], [TYP_DES]) VALUES (4, N'Autogires', N'test')
GO
INSERT [dbo].[TYP] ([TYP_ID], [TYP_NOM], [TYP_DES]) VALUES (5, N'Aérostats', N'test')
GO
INSERT [dbo].[TYP] ([TYP_ID], [TYP_NOM], [TYP_DES]) VALUES (6, N'Hélicoptères', N'test')
GO
SET IDENTITY_INSERT [dbo].[TYP] OFF
GO


INSERT [dbo].[QUAL] ([TYP_ID], [MBR_ID]) VALUES (1, 9)
GO
INSERT [dbo].[QUAL] ([TYP_ID], [MBR_ID]) VALUES (1, 10)
GO
INSERT [dbo].[QUAL] ([TYP_ID], [MBR_ID]) VALUES (1, 12)
GO
INSERT [dbo].[QUAL] ([TYP_ID], [MBR_ID]) VALUES (2, 18)
GO
INSERT [dbo].[QUAL] ([TYP_ID], [MBR_ID]) VALUES (3, 9)
GO
INSERT [dbo].[QUAL] ([TYP_ID], [MBR_ID]) VALUES (3, 18)
GO
INSERT [dbo].[QUAL] ([TYP_ID], [MBR_ID]) VALUES (4, 9)
GO
INSERT [dbo].[QUAL] ([TYP_ID], [MBR_ID]) VALUES (4, 15)
GO


SET IDENTITY_INSERT [dbo].[AER] ON 
GO
INSERT [dbo].[AER] ([AER_ID], [AER_IMA], [AER_TYPE], [TYP_ID]) VALUES (1, N'TEST1', N'', 1)
GO
INSERT [dbo].[AER] ([AER_ID], [AER_IMA], [AER_TYPE], [TYP_ID]) VALUES (3, N'TEST2', N'', 2)
GO
INSERT [dbo].[AER] ([AER_ID], [AER_IMA], [AER_TYPE], [TYP_ID]) VALUES (4, N'TEST3', N'', 3)
GO
INSERT [dbo].[AER] ([AER_ID], [AER_IMA], [AER_TYPE], [TYP_ID]) VALUES (5, N'TEST4', N'', 4)
GO
INSERT [dbo].[AER] ([AER_ID], [AER_IMA], [AER_TYPE], [TYP_ID]) VALUES (6, N'TEST5', N'', 1)
GO
INSERT [dbo].[AER] ([AER_ID], [AER_IMA], [AER_TYPE], [TYP_ID]) VALUES (7, N'TEST6', N'', 1)
GO
INSERT [dbo].[AER] ([AER_ID], [AER_IMA], [AER_TYPE], [TYP_ID]) VALUES (8, N'TEST7', N'', 1)
GO
INSERT [dbo].[AER] ([AER_ID], [AER_IMA], [AER_TYPE], [TYP_ID]) VALUES (9, N'TEST8', N'', 2)
GO
INSERT [dbo].[AER] ([AER_ID], [AER_IMA], [AER_TYPE], [TYP_ID]) VALUES (10, N'TEST9', N'', 3)
GO
INSERT [dbo].[AER] ([AER_ID], [AER_IMA], [AER_TYPE], [TYP_ID]) VALUES (11, N'TEST10', N'', 3)
GO
INSERT [dbo].[AER] ([AER_ID], [AER_IMA], [AER_TYPE], [TYP_ID]) VALUES (12, N'TEST11', N'', 3)
GO
INSERT [dbo].[AER] ([AER_ID], [AER_IMA], [AER_TYPE], [TYP_ID]) VALUES (13, N'TEST12', N'', 3)
GO
INSERT [dbo].[AER] ([AER_ID], [AER_IMA], [AER_TYPE], [TYP_ID]) VALUES (14, N'TEST13', N'', 4)
GO
INSERT [dbo].[AER] ([AER_ID], [AER_IMA], [AER_TYPE], [TYP_ID]) VALUES (15, N'TEST14', N'', 4)
GO
SET IDENTITY_INSERT [dbo].[AER] OFF
GO


SET IDENTITY_INSERT [dbo].[PIST] ON 
GO
INSERT [dbo].[PIST] ([PIST_ID], [PIST_DISPO]) VALUES (1, 1)
GO
INSERT [dbo].[PIST] ([PIST_ID], [PIST_DISPO]) VALUES (2, 1)
GO
INSERT [dbo].[PIST] ([PIST_ID], [PIST_DISPO]) VALUES (3, 1)
GO
INSERT [dbo].[PIST] ([PIST_ID], [PIST_DISPO]) VALUES (4, 0)
GO
INSERT [dbo].[PIST] ([PIST_ID], [PIST_DISPO]) VALUES (5, 1)
GO
INSERT [dbo].[PIST] ([PIST_ID], [PIST_DISPO]) VALUES (6, 0)
GO
SET IDENTITY_INSERT [dbo].[PIST] OFF
GO


INSERT [dbo].[CON] ([RES_ID], [AER_ID], [PIST_ID]) VALUES (1, 4, 1)
GO
INSERT [dbo].[CON] ([RES_ID], [AER_ID], [PIST_ID]) VALUES (2, 5, 2)
GO
INSERT [dbo].[CON] ([RES_ID], [AER_ID], [PIST_ID]) VALUES (3, 8, 3)
GO
INSERT [dbo].[CON] ([RES_ID], [AER_ID], [PIST_ID]) VALUES (4, 1, 3)
GO
INSERT [dbo].[CON] ([RES_ID], [AER_ID], [PIST_ID]) VALUES (5, 7, 5)
GO
INSERT [dbo].[CON] ([RES_ID], [AER_ID], [PIST_ID]) VALUES (6, 3, 3)
GO
INSERT [dbo].[CON] ([RES_ID], [AER_ID], [PIST_ID]) VALUES (7, 6, 5)
GO
INSERT [dbo].[CON] ([RES_ID], [AER_ID], [PIST_ID]) VALUES (8, 4, 1)
GO
INSERT [dbo].[CON] ([RES_ID], [AER_ID], [PIST_ID]) VALUES (9, 14, 2)
GO
INSERT [dbo].[CON] ([RES_ID], [AER_ID], [PIST_ID]) VALUES (10, 12, 1)
GO
INSERT [dbo].[CON] ([RES_ID], [AER_ID], [PIST_ID]) VALUES (11, 13, 5)
GO
INSERT [dbo].[CON] ([RES_ID], [AER_ID], [PIST_ID]) VALUES (12, 8, 3)
GO
INSERT [dbo].[CON] ([RES_ID], [AER_ID], [PIST_ID]) VALUES (13, 7, 3)
GO


SET IDENTITY_INSERT [dbo].[ANN] ON 
GO
INSERT [dbo].[ANN] ([ANN_ID], [ANN_MOTIF], [ANN_DTE], [ANN_HEU]) VALUES (1, N'Intempéries', CAST(N'2020-12-13T00:00:00.000' AS DateTime), CAST(N'10:00:00' AS Time))
GO
INSERT [dbo].[ANN] ([ANN_ID], [ANN_MOTIF], [ANN_DTE], [ANN_HEU]) VALUES (2, N'Maladie', CAST(N'2021-03-01T00:00:00.000' AS DateTime), CAST(N'13:00:00' AS Time))
GO
INSERT [dbo].[ANN] ([ANN_ID], [ANN_MOTIF], [ANN_DTE], [ANN_HEU]) VALUES (3, N'Confinement', CAST(N'2021-03-15T00:00:00.000' AS DateTime), CAST(N'09:00:00' AS Time))
GO
INSERT [dbo].[ANN] ([ANN_ID], [ANN_MOTIF], [ANN_DTE], [ANN_HEU]) VALUES (4, N'Confinement', CAST(N'2021-03-15T00:00:00.000' AS DateTime), CAST(N'09:00:00' AS Time))
GO
INSERT [dbo].[ANN] ([ANN_ID], [ANN_MOTIF], [ANN_DTE], [ANN_HEU]) VALUES (5, N'Retrait temporaire de licence', CAST(N'2021-08-01T00:00:00.000' AS DateTime), CAST(N'16:00:00' AS Time))
GO
SET IDENTITY_INSERT [dbo].[ANN] OFF
GO


INSERT [dbo].[SUB] ([ANN_ID], [RES_ID]) VALUES (1, 3)
GO
INSERT [dbo].[SUB] ([ANN_ID], [RES_ID]) VALUES (2, 4)
GO
INSERT [dbo].[SUB] ([ANN_ID], [RES_ID]) VALUES (3, 5)
GO
INSERT [dbo].[SUB] ([ANN_ID], [RES_ID]) VALUES (4, 6)
GO
INSERT [dbo].[SUB] ([ANN_ID], [RES_ID]) VALUES (5, 8)
GO


SET IDENTITY_INSERT [dbo].[IND] ON 
GO
INSERT [dbo].[IND] ([IND_ID], [IND_DTE_DEB], [IND_HEU_DEB], [IND_DTE_FIN], [IND_HEU_FIN], [IND_DES], [AER_ID]) VALUES (1, CAST(N'2020-01-13T00:00:00.000' AS DateTime), CAST(N'09:00:00' AS Time), CAST(N'2020-01-23T00:00:00.000' AS DateTime), CAST(N'19:00:00' AS Time), N'Réparation', 1)
GO
INSERT [dbo].[IND] ([IND_ID], [IND_DTE_DEB], [IND_HEU_DEB], [IND_DTE_FIN], [IND_HEU_FIN], [IND_DES], [AER_ID]) VALUES (2, CAST(N'2020-05-04T00:00:00.000' AS DateTime), CAST(N'14:00:00' AS Time), CAST(N'2020-05-04T00:00:00.000' AS DateTime), CAST(N'16:00:00' AS Time), N'Location privée', 10)
GO
INSERT [dbo].[IND] ([IND_ID], [IND_DTE_DEB], [IND_HEU_DEB], [IND_DTE_FIN], [IND_HEU_FIN], [IND_DES], [AER_ID]) VALUES (3, CAST(N'2021-02-01T00:00:00.000' AS DateTime), CAST(N'09:00:00' AS Time), CAST(N'2021-05-01T00:00:00.000' AS DateTime), CAST(N'19:00:00' AS Time), N'Réparation', 5)
GO
INSERT [dbo].[IND] ([IND_ID], [IND_DTE_DEB], [IND_HEU_DEB], [IND_DTE_FIN], [IND_HEU_FIN], [IND_DES], [AER_ID]) VALUES (4, CAST(N'2021-07-02T00:00:00.000' AS DateTime), CAST(N'15:30:00' AS Time), CAST(N'2021-07-05T00:00:00.000' AS DateTime), CAST(N'19:00:00' AS Time), N'Location privée', 13)
GO
INSERT [dbo].[IND] ([IND_ID], [IND_DTE_DEB], [IND_HEU_DEB], [IND_DTE_FIN], [IND_HEU_FIN], [IND_DES], [AER_ID]) VALUES (5, CAST(N'2021-08-14T00:00:00.000' AS DateTime), CAST(N'09:00:00' AS Time), CAST(N'2021-08-16T00:00:00.000' AS DateTime), CAST(N'19:00:00' AS Time), N'Evènement', 15)
GO
SET IDENTITY_INSERT [dbo].[IND] OFF
GO


SET IDENTITY_INSERT [dbo].[COTI] ON 
GO
INSERT [dbo].[COTI] ([COTI_ID], [COTI_DTE_EMI], [COTI_DTE_PAI], [COTI_MONT], [MBR_ID]) VALUES (2, CAST(N'2019-12-01T00:00:00.000' AS DateTime), CAST(N'2019-12-02T00:00:00.000' AS DateTime), CAST(5 AS Decimal(18, 0)), 16)
GO
INSERT [dbo].[COTI] ([COTI_ID], [COTI_DTE_EMI], [COTI_DTE_PAI], [COTI_MONT], [MBR_ID]) VALUES (3, CAST(N'2019-12-01T00:00:00.000' AS DateTime), CAST(N'2019-12-02T00:00:00.000' AS DateTime), CAST(10 AS Decimal(18, 0)), 18)
GO
INSERT [dbo].[COTI] ([COTI_ID], [COTI_DTE_EMI], [COTI_DTE_PAI], [COTI_MONT], [MBR_ID]) VALUES (4, CAST(N'2020-02-01T00:00:00.000' AS DateTime), CAST(N'2020-02-28T00:00:00.000' AS DateTime), CAST(110 AS Decimal(18, 0)), 9)
GO
INSERT [dbo].[COTI] ([COTI_ID], [COTI_DTE_EMI], [COTI_DTE_PAI], [COTI_MONT], [MBR_ID]) VALUES (5, CAST(N'2020-02-01T00:00:00.000' AS DateTime), CAST(N'2020-02-13T00:00:00.000' AS DateTime), CAST(110 AS Decimal(18, 0)), 12)
GO
INSERT [dbo].[COTI] ([COTI_ID], [COTI_DTE_EMI], [COTI_DTE_PAI], [COTI_MONT], [MBR_ID]) VALUES (6, CAST(N'2020-11-01T00:00:00.000' AS DateTime), CAST(N'2020-11-15T00:00:00.000' AS DateTime), CAST(10 AS Decimal(18, 0)), 15)
GO
INSERT [dbo].[COTI] ([COTI_ID], [COTI_DTE_EMI], [COTI_DTE_PAI], [COTI_MONT], [MBR_ID]) VALUES (7, CAST(N'2021-04-01T00:00:00.000' AS DateTime), CAST(N'2020-07-08T00:00:00.000' AS DateTime), CAST(90 AS Decimal(18, 0)), 10)
GO
INSERT [dbo].[COTI] ([COTI_ID], [COTI_DTE_EMI], [COTI_DTE_PAI], [COTI_MONT], [MBR_ID]) VALUES (8, CAST(N'2021-06-01T00:00:00.000' AS DateTime), CAST(N'2021-06-03T00:00:00.000' AS DateTime), CAST(30 AS Decimal(18, 0)), 14)
GO
SET IDENTITY_INSERT [dbo].[COTI] OFF
GO


INSERT [dbo].[SYM] ([MBR_ID]) VALUES (14)
GO
INSERT [dbo].[SYM] ([MBR_ID]) VALUES (16)
GO
