USE [ULMClubManager]
GO


SET IDENTITY_INSERT [dbo].[LOC] ON 
GO
INSERT [dbo].[LOC] ([LOC_ID], [LOC_CP], [LOC_NOM]) VALUES (9, N'4557', N'Abée')
GO
INSERT [dbo].[LOC] ([LOC_ID], [LOC_CP], [LOC_NOM]) VALUES (10, N'4280', N'Abolens')
GO
INSERT [dbo].[LOC] ([LOC_ID], [LOC_CP], [LOC_NOM]) VALUES (11, N'5590', N'Achêne')
GO
INSERT [dbo].[LOC] ([LOC_ID], [LOC_CP], [LOC_NOM]) VALUES (12, N'5362', N'Achet')
GO
INSERT [dbo].[LOC] ([LOC_ID], [LOC_CP], [LOC_NOM]) VALUES (13, N'4219', N'Acosse')
GO
INSERT [dbo].[LOC] ([LOC_ID], [LOC_CP], [LOC_NOM]) VALUES (14, N'5544', N'Agimont')
GO
INSERT [dbo].[LOC] ([LOC_ID], [LOC_CP], [LOC_NOM]) VALUES (15, N'4317', N'Aineffe')
GO
INSERT [dbo].[LOC] ([LOC_ID], [LOC_CP], [LOC_NOM]) VALUES (16, N'5310', N'Aische-En-Refail')
GO
INSERT [dbo].[LOC] ([LOC_ID], [LOC_CP], [LOC_NOM]) VALUES (17, N'5070', N'Aisemont')
GO
INSERT [dbo].[LOC] ([LOC_ID], [LOC_CP], [LOC_NOM]) VALUES (18, N'5550', N'Alle')
GO
INSERT [dbo].[LOC] ([LOC_ID], [LOC_CP], [LOC_NOM]) VALUES (19, N'4432', N'Alleur')
GO
INSERT [dbo].[LOC] ([LOC_ID], [LOC_CP], [LOC_NOM]) VALUES (20, N'4540', N'Amay')
GO
INSERT [dbo].[LOC] ([LOC_ID], [LOC_CP], [LOC_NOM]) VALUES (21, N'6680', N'Amberloup')
GO
INSERT [dbo].[LOC] ([LOC_ID], [LOC_CP], [LOC_NOM]) VALUES (22, N'4770', N'Amblève')
GO
INSERT [dbo].[LOC] ([LOC_ID], [LOC_CP], [LOC_NOM]) VALUES (23, N'6953', N'Ambly')
GO
INSERT [dbo].[LOC] ([LOC_ID], [LOC_CP], [LOC_NOM]) VALUES (24, N'4219', N'Ambresin')
GO
INSERT [dbo].[LOC] ([LOC_ID], [LOC_CP], [LOC_NOM]) VALUES (25, N'6997', N'Amonines')
GO
INSERT [dbo].[LOC] ([LOC_ID], [LOC_CP], [LOC_NOM]) VALUES (26, N'4540', N'Ampsin')
GO
INSERT [dbo].[LOC] ([LOC_ID], [LOC_CP], [LOC_NOM]) VALUES (27, N'5300', N'Andenne')
GO
INSERT [dbo].[LOC] ([LOC_ID], [LOC_CP], [LOC_NOM]) VALUES (28, N'4821', N'Andrimont')
GO
INSERT [dbo].[LOC] ([LOC_ID], [LOC_CP], [LOC_NOM]) VALUES (29, N'4031', N'Angleur')
GO
INSERT [dbo].[LOC] ([LOC_ID], [LOC_CP], [LOC_NOM]) VALUES (30, N'5537', N'Anhée')
GO
INSERT [dbo].[LOC] ([LOC_ID], [LOC_CP], [LOC_NOM]) VALUES (31, N'6721', N'Anlier')
GO
INSERT [dbo].[LOC] ([LOC_ID], [LOC_CP], [LOC_NOM]) VALUES (32, N'6890', N'Anloy')
GO
INSERT [dbo].[LOC] ([LOC_ID], [LOC_CP], [LOC_NOM]) VALUES (33, N'5537', N'Annevoie-Rouillon')
GO
INSERT [dbo].[LOC] ([LOC_ID], [LOC_CP], [LOC_NOM]) VALUES (34, N'4430', N'Ans')
GO
INSERT [dbo].[LOC] ([LOC_ID], [LOC_CP], [LOC_NOM]) VALUES (35, N'5500', N'Anseremme')
GO
INSERT [dbo].[LOC] ([LOC_ID], [LOC_CP], [LOC_NOM]) VALUES (36, N'5520', N'Anthée')
GO
INSERT [dbo].[LOC] ([LOC_ID], [LOC_CP], [LOC_NOM]) VALUES (37, N'4520', N'Antheit')
GO
INSERT [dbo].[LOC] ([LOC_ID], [LOC_CP], [LOC_NOM]) VALUES (38, N'4160', N'Anthisnes')
GO
INSERT [dbo].[LOC] ([LOC_ID], [LOC_CP], [LOC_NOM]) VALUES (39, N'5170', N'Arbre')
GO
INSERT [dbo].[LOC] ([LOC_ID], [LOC_CP], [LOC_NOM]) VALUES (40, N'4990', N'Arbrefontaine')
GO
INSERT [dbo].[LOC] ([LOC_ID], [LOC_CP], [LOC_NOM]) VALUES (41, N'4601', N'Argenteau')
GO
INSERT [dbo].[LOC] ([LOC_ID], [LOC_CP], [LOC_NOM]) VALUES (42, N'6700', N'Arlon')
GO
INSERT [dbo].[LOC] ([LOC_ID], [LOC_CP], [LOC_NOM]) VALUES (43, N'5060', N'Arsimont')
GO
INSERT [dbo].[LOC] ([LOC_ID], [LOC_CP], [LOC_NOM]) VALUES (44, N'6870', N'Arville')
GO
INSERT [dbo].[LOC] ([LOC_ID], [LOC_CP], [LOC_NOM]) VALUES (45, N'6860', N'Assenois')
GO
INSERT [dbo].[LOC] ([LOC_ID], [LOC_CP], [LOC_NOM]) VALUES (46, N'5330', N'Assesse')
GO
INSERT [dbo].[LOC] ([LOC_ID], [LOC_CP], [LOC_NOM]) VALUES (47, N'6791', N'Athus')
GO
INSERT [dbo].[LOC] ([LOC_ID], [LOC_CP], [LOC_NOM]) VALUES (48, N'6717', N'Attert')
GO
INSERT [dbo].[LOC] ([LOC_ID], [LOC_CP], [LOC_NOM]) VALUES (49, N'6790', N'Aubange')
GO
INSERT [dbo].[LOC] ([LOC_ID], [LOC_CP], [LOC_NOM]) VALUES (50, N'4880', N'Aubel')
GO
INSERT [dbo].[LOC] ([LOC_ID], [LOC_CP], [LOC_NOM]) VALUES (51, N'5660', N'Aublain')
GO
INSERT [dbo].[LOC] ([LOC_ID], [LOC_CP], [LOC_NOM]) VALUES (52, N'6880', N'Auby-Sur-Semois')
GO
INSERT [dbo].[LOC] ([LOC_ID], [LOC_CP], [LOC_NOM]) VALUES (53, N'6706', N'Autelbas')
GO
INSERT [dbo].[LOC] ([LOC_ID], [LOC_CP], [LOC_NOM]) VALUES (54, N'5060', N'Auvelais')
GO
INSERT [dbo].[LOC] ([LOC_ID], [LOC_CP], [LOC_NOM]) VALUES (55, N'5580', N'Ave-Et-Auffe')
GO
INSERT [dbo].[LOC] ([LOC_ID], [LOC_CP], [LOC_NOM]) VALUES (56, N'4260', N'Avennes')
GO
INSERT [dbo].[LOC] ([LOC_ID], [LOC_CP], [LOC_NOM]) VALUES (57, N'4280', N'Avernas-Le-Bauduin')
GO
INSERT [dbo].[LOC] ([LOC_ID], [LOC_CP], [LOC_NOM]) VALUES (58, N'4280', N'Avin')
GO
INSERT [dbo].[LOC] ([LOC_ID], [LOC_CP], [LOC_NOM]) VALUES (59, N'4340', N'Awans')
GO
INSERT [dbo].[LOC] ([LOC_ID], [LOC_CP], [LOC_NOM]) VALUES (60, N'6870', N'Awenne')
GO
INSERT [dbo].[LOC] ([LOC_ID], [LOC_CP], [LOC_NOM]) VALUES (61, N'4400', N'Awirs')
GO
INSERT [dbo].[LOC] ([LOC_ID], [LOC_CP], [LOC_NOM]) VALUES (62, N'6900', N'Aye')
GO
INSERT [dbo].[LOC] ([LOC_ID], [LOC_CP], [LOC_NOM]) VALUES (63, N'4630', N'Ayeneux')
GO
INSERT [dbo].[LOC] ([LOC_ID], [LOC_CP], [LOC_NOM]) VALUES (64, N'4920', N'Aywaille')
GO
INSERT [dbo].[LOC] ([LOC_ID], [LOC_CP], [LOC_NOM]) VALUES (65, N'4837', N'Baelen')
GO
INSERT [dbo].[LOC] ([LOC_ID], [LOC_CP], [LOC_NOM]) VALUES (66, N'5550', N'Bagimont')
GO
INSERT [dbo].[LOC] ([LOC_ID], [LOC_CP], [LOC_NOM]) VALUES (67, N'5555', N'Baillamont')
GO
INSERT [dbo].[LOC] ([LOC_ID], [LOC_CP], [LOC_NOM]) VALUES (68, N'5377', N'Baillonville')
GO
INSERT [dbo].[LOC] ([LOC_ID], [LOC_CP], [LOC_NOM]) VALUES (69, N'5190', N'Balâtre')
GO
INSERT [dbo].[LOC] ([LOC_ID], [LOC_CP], [LOC_NOM]) VALUES (70, N'6951', N'Bande')
GO
INSERT [dbo].[LOC] ([LOC_ID], [LOC_CP], [LOC_NOM]) VALUES (71, N'4671', N'Barchon')
GO
INSERT [dbo].[LOC] ([LOC_ID], [LOC_CP], [LOC_NOM]) VALUES (72, N'5570', N'Baronville')
GO
INSERT [dbo].[LOC] ([LOC_ID], [LOC_CP], [LOC_NOM]) VALUES (73, N'5370', N'Barvaux-Condroz')
GO
INSERT [dbo].[LOC] ([LOC_ID], [LOC_CP], [LOC_NOM]) VALUES (74, N'6940', N'Barvaux-Sur-Ourthe')
GO
INSERT [dbo].[LOC] ([LOC_ID], [LOC_CP], [LOC_NOM]) VALUES (75, N'4520', N'Bas-Oha')
GO
INSERT [dbo].[LOC] ([LOC_ID], [LOC_CP], [LOC_NOM]) VALUES (76, N'4983', N'Basse-Bodeux')
GO
INSERT [dbo].[LOC] ([LOC_ID], [LOC_CP], [LOC_NOM]) VALUES (77, N'4690', N'Bassenge')
GO
INSERT [dbo].[LOC] ([LOC_ID], [LOC_CP], [LOC_NOM]) VALUES (78, N'6600', N'Bastogne')
GO
INSERT [dbo].[LOC] ([LOC_ID], [LOC_CP], [LOC_NOM]) VALUES (79, N'4651', N'Battice')
GO
INSERT [dbo].[LOC] ([LOC_ID], [LOC_CP], [LOC_NOM]) VALUES (80, N'4052', N'Beaufays')
GO
INSERT [dbo].[LOC] ([LOC_ID], [LOC_CP], [LOC_NOM]) VALUES (81, N'5570', N'Beauraing')
GO
INSERT [dbo].[LOC] ([LOC_ID], [LOC_CP], [LOC_NOM]) VALUES (82, N'6980', N'Beausaint')
GO
INSERT [dbo].[LOC] ([LOC_ID], [LOC_CP], [LOC_NOM]) VALUES (83, N'5000', N'Beez')
GO
INSERT [dbo].[LOC] ([LOC_ID], [LOC_CP], [LOC_NOM]) VALUES (84, N'6987', N'Beffe')
GO
INSERT [dbo].[LOC] ([LOC_ID], [LOC_CP], [LOC_NOM]) VALUES (85, N'6672', N'Beho')
GO
INSERT [dbo].[LOC] ([LOC_ID], [LOC_CP], [LOC_NOM]) VALUES (86, N'5001', N'Belgrade')
GO
INSERT [dbo].[LOC] ([LOC_ID], [LOC_CP], [LOC_NOM]) VALUES (87, N'4610', N'Bellaire')
GO
INSERT [dbo].[LOC] ([LOC_ID], [LOC_CP], [LOC_NOM]) VALUES (88, N'5555', N'Bellefontaine')
GO
INSERT [dbo].[LOC] ([LOC_ID], [LOC_CP], [LOC_NOM]) VALUES (89, N'6730', N'Bellefontaine')
GO
INSERT [dbo].[LOC] ([LOC_ID], [LOC_CP], [LOC_NOM]) VALUES (90, N'6834', N'Bellevaux')
GO
INSERT [dbo].[LOC] ([LOC_ID], [LOC_CP], [LOC_NOM]) VALUES (91, N'4960', N'Bellevaux-Ligneuville')
GO
INSERT [dbo].[LOC] ([LOC_ID], [LOC_CP], [LOC_NOM]) VALUES (92, N'4500', N'Ben-Ahin')
GO
INSERT [dbo].[LOC] ([LOC_ID], [LOC_CP], [LOC_NOM]) VALUES (93, N'6941', N'Bende')
GO
INSERT [dbo].[LOC] ([LOC_ID], [LOC_CP], [LOC_NOM]) VALUES (94, N'4360', N'Bergilers')
GO
INSERT [dbo].[LOC] ([LOC_ID], [LOC_CP], [LOC_NOM]) VALUES (95, N'4257', N'Berloz')
GO
INSERT [dbo].[LOC] ([LOC_ID], [LOC_CP], [LOC_NOM]) VALUES (96, N'4607', N'Berneau')
GO
INSERT [dbo].[LOC] ([LOC_ID], [LOC_CP], [LOC_NOM]) VALUES (97, N'6687', N'Bertogne')
GO
INSERT [dbo].[LOC] ([LOC_ID], [LOC_CP], [LOC_NOM]) VALUES (98, N'4280', N'Bertrée')
GO
INSERT [dbo].[LOC] ([LOC_ID], [LOC_CP], [LOC_NOM]) VALUES (99, N'6880', N'Bertrix')
GO
INSERT [dbo].[LOC] ([LOC_ID], [LOC_CP], [LOC_NOM]) VALUES (100, N'5651', N'Berzée')
GO
INSERT [dbo].[LOC] ([LOC_ID], [LOC_CP], [LOC_NOM]) VALUES (101, N'4300', N'Bettincourt')
GO
INSERT [dbo].[LOC] ([LOC_ID], [LOC_CP], [LOC_NOM]) VALUES (102, N'5030', N'Beuzet')
GO
INSERT [dbo].[LOC] ([LOC_ID], [LOC_CP], [LOC_NOM]) VALUES (103, N'4960', N'Bevercé')
GO
INSERT [dbo].[LOC] ([LOC_ID], [LOC_CP], [LOC_NOM]) VALUES (104, N'4610', N'Beyne-Heusay')
GO
INSERT [dbo].[LOC] ([LOC_ID], [LOC_CP], [LOC_NOM]) VALUES (105, N'4460', N'Bierset')
GO
INSERT [dbo].[LOC] ([LOC_ID], [LOC_CP], [LOC_NOM]) VALUES (106, N'5380', N'Bierwart')
GO
INSERT [dbo].[LOC] ([LOC_ID], [LOC_CP], [LOC_NOM]) VALUES (107, N'5640', N'Biesme')
GO
INSERT [dbo].[LOC] ([LOC_ID], [LOC_CP], [LOC_NOM]) VALUES (108, N'5640', N'Biesmerée')
GO
INSERT [dbo].[LOC] ([LOC_ID], [LOC_CP], [LOC_NOM]) VALUES (109, N'5555', N'Bièvre')
GO
INSERT [dbo].[LOC] ([LOC_ID], [LOC_CP], [LOC_NOM]) VALUES (110, N'6690', N'Bihain')
GO
INSERT [dbo].[LOC] ([LOC_ID], [LOC_CP], [LOC_NOM]) VALUES (111, N'4831', N'Bilstain')
GO
INSERT [dbo].[LOC] ([LOC_ID], [LOC_CP], [LOC_NOM]) VALUES (112, N'5537', N'Bioul')
GO
INSERT [dbo].[LOC] ([LOC_ID], [LOC_CP], [LOC_NOM]) VALUES (113, N'5542', N'Blaimont')
GO
INSERT [dbo].[LOC] ([LOC_ID], [LOC_CP], [LOC_NOM]) VALUES (114, N'4670', N'Blégny')
GO
INSERT [dbo].[LOC] ([LOC_ID], [LOC_CP], [LOC_NOM]) VALUES (115, N'4280', N'Blehen')
GO
INSERT [dbo].[LOC] ([LOC_ID], [LOC_CP], [LOC_NOM]) VALUES (116, N'6760', N'Bleid')
GO
INSERT [dbo].[LOC] ([LOC_ID], [LOC_CP], [LOC_NOM]) VALUES (117, N'4300', N'Bleret')
GO
INSERT [dbo].[LOC] ([LOC_ID], [LOC_CP], [LOC_NOM]) VALUES (118, N'4537', N'Bodegnée')
GO
INSERT [dbo].[LOC] ([LOC_ID], [LOC_CP], [LOC_NOM]) VALUES (119, N'4250', N'Boëlhe')
GO
INSERT [dbo].[LOC] ([LOC_ID], [LOC_CP], [LOC_NOM]) VALUES (120, N'5550', N'Bohan')
GO
INSERT [dbo].[LOC] ([LOC_ID], [LOC_CP], [LOC_NOM]) VALUES (121, N'5140', N'Boignée')
GO
INSERT [dbo].[LOC] ([LOC_ID], [LOC_CP], [LOC_NOM]) VALUES (122, N'4690', N'Boirs')
GO
INSERT [dbo].[LOC] ([LOC_ID], [LOC_CP], [LOC_NOM]) VALUES (123, N'5170', N'Bois-De-Villers')
GO
INSERT [dbo].[LOC] ([LOC_ID], [LOC_CP], [LOC_NOM]) VALUES (124, N'4560', N'Bois-Et-Borsu')
GO
INSERT [dbo].[LOC] ([LOC_ID], [LOC_CP], [LOC_NOM]) VALUES (125, N'5310', N'Bolinne')
GO
INSERT [dbo].[LOC] ([LOC_ID], [LOC_CP], [LOC_NOM]) VALUES (126, N'4653', N'Bolland')
GO
INSERT [dbo].[LOC] ([LOC_ID], [LOC_CP], [LOC_NOM]) VALUES (127, N'6941', N'Bomal-Sur-Ourthe')
GO
INSERT [dbo].[LOC] ([LOC_ID], [LOC_CP], [LOC_NOM]) VALUES (128, N'4607', N'Bombaye')
GO
INSERT [dbo].[LOC] ([LOC_ID], [LOC_CP], [LOC_NOM]) VALUES (129, N'4100', N'Boncelles')
GO
INSERT [dbo].[LOC] ([LOC_ID], [LOC_CP], [LOC_NOM]) VALUES (130, N'5310', N'Boneffe')
GO
INSERT [dbo].[LOC] ([LOC_ID], [LOC_CP], [LOC_NOM]) VALUES (131, N'5021', N'Boninne')
GO
INSERT [dbo].[LOC] ([LOC_ID], [LOC_CP], [LOC_NOM]) VALUES (132, N'6700', N'Bonnert')
GO
INSERT [dbo].[LOC] ([LOC_ID], [LOC_CP], [LOC_NOM]) VALUES (133, N'5300', N'Bonneville')
GO
INSERT [dbo].[LOC] ([LOC_ID], [LOC_CP], [LOC_NOM]) VALUES (134, N'5377', N'Bonsin')
GO
INSERT [dbo].[LOC] ([LOC_ID], [LOC_CP], [LOC_NOM]) VALUES (135, N'4317', N'Borlez')
GO
INSERT [dbo].[LOC] ([LOC_ID], [LOC_CP], [LOC_NOM]) VALUES (136, N'6941', N'Borlon')
GO
INSERT [dbo].[LOC] ([LOC_ID], [LOC_CP], [LOC_NOM]) VALUES (137, N'5032', N'Bossière')
GO
INSERT [dbo].[LOC] ([LOC_ID], [LOC_CP], [LOC_NOM]) VALUES (138, N'5032', N'Bothey')
GO
INSERT [dbo].[LOC] ([LOC_ID], [LOC_CP], [LOC_NOM]) VALUES (139, N'5004', N'Bouge')
GO
INSERT [dbo].[LOC] ([LOC_ID], [LOC_CP], [LOC_NOM]) VALUES (140, N'6830', N'Bouillon')
GO
INSERT [dbo].[LOC] ([LOC_ID], [LOC_CP], [LOC_NOM]) VALUES (141, N'5575', N'Bourseigne-Neuve')
GO
INSERT [dbo].[LOC] ([LOC_ID], [LOC_CP], [LOC_NOM]) VALUES (142, N'5575', N'Bourseigne-Vieille')
GO
INSERT [dbo].[LOC] ([LOC_ID], [LOC_CP], [LOC_NOM]) VALUES (143, N'5660', N'Boussu-En-Fagne')
GO
INSERT [dbo].[LOC] ([LOC_ID], [LOC_CP], [LOC_NOM]) VALUES (144, N'5500', N'Bouvignes-Sur-Meuse')
GO
INSERT [dbo].[LOC] ([LOC_ID], [LOC_CP], [LOC_NOM]) VALUES (145, N'4300', N'Bovenistier')
GO
INSERT [dbo].[LOC] ([LOC_ID], [LOC_CP], [LOC_NOM]) VALUES (146, N'5081', N'Bovesse')
GO
INSERT [dbo].[LOC] ([LOC_ID], [LOC_CP], [LOC_NOM]) VALUES (147, N'6671', N'Bovigny')
GO
INSERT [dbo].[LOC] ([LOC_ID], [LOC_CP], [LOC_NOM]) VALUES (148, N'4990', N'Bra')
GO
INSERT [dbo].[LOC] ([LOC_ID], [LOC_CP], [LOC_NOM]) VALUES (149, N'5590', N'Braibant')
GO
INSERT [dbo].[LOC] ([LOC_ID], [LOC_CP], [LOC_NOM]) VALUES (150, N'4260', N'Braives')
GO
INSERT [dbo].[LOC] ([LOC_ID], [LOC_CP], [LOC_NOM]) VALUES (151, N'5310', N'Branchon')
GO
INSERT [dbo].[LOC] ([LOC_ID], [LOC_CP], [LOC_NOM]) VALUES (152, N'6800', N'Bras')
GO
INSERT [dbo].[LOC] ([LOC_ID], [LOC_CP], [LOC_NOM]) VALUES (153, N'4020', N'Bressoux')
GO
INSERT [dbo].[LOC] ([LOC_ID], [LOC_CP], [LOC_NOM]) VALUES (154, N'5660', N'Brûly')
GO
INSERT [dbo].[LOC] ([LOC_ID], [LOC_CP], [LOC_NOM]) VALUES (155, N'5660', N'Brûly-De-Pesche')
GO
INSERT [dbo].[LOC] ([LOC_ID], [LOC_CP], [LOC_NOM]) VALUES (156, N'5580', N'Buissonville')
GO
INSERT [dbo].[LOC] ([LOC_ID], [LOC_CP], [LOC_NOM]) VALUES (157, N'4760', N'Bullange')
GO
INSERT [dbo].[LOC] ([LOC_ID], [LOC_CP], [LOC_NOM]) VALUES (158, N'4210', N'Burdinne')
GO
INSERT [dbo].[LOC] ([LOC_ID], [LOC_CP], [LOC_NOM]) VALUES (159, N'6927', N'Bure')
GO
INSERT [dbo].[LOC] ([LOC_ID], [LOC_CP], [LOC_NOM]) VALUES (160, N'4750', N'Butgenbach')
GO
INSERT [dbo].[LOC] ([LOC_ID], [LOC_CP], [LOC_NOM]) VALUES (161, N'6743', N'Buzenol')
GO
INSERT [dbo].[LOC] ([LOC_ID], [LOC_CP], [LOC_NOM]) VALUES (162, N'6850', N'Carlsbourg')
GO
INSERT [dbo].[LOC] ([LOC_ID], [LOC_CP], [LOC_NOM]) VALUES (163, N'5650', N'Castillon')
GO
INSERT [dbo].[LOC] ([LOC_ID], [LOC_CP], [LOC_NOM]) VALUES (164, N'4317', N'Celles')
GO
INSERT [dbo].[LOC] ([LOC_ID], [LOC_CP], [LOC_NOM]) VALUES (165, N'5561', N'Celles')
GO
INSERT [dbo].[LOC] ([LOC_ID], [LOC_CP], [LOC_NOM]) VALUES (166, N'4632', N'Cérexhe-Heuseux')
GO
INSERT [dbo].[LOC] ([LOC_ID], [LOC_CP], [LOC_NOM]) VALUES (167, N'5630', N'Cerfontaine')
GO
INSERT [dbo].[LOC] ([LOC_ID], [LOC_CP], [LOC_NOM]) VALUES (168, N'4650', N'Chaineux')
GO
INSERT [dbo].[LOC] ([LOC_ID], [LOC_CP], [LOC_NOM]) VALUES (169, N'5550', N'Chairière')
GO
INSERT [dbo].[LOC] ([LOC_ID], [LOC_CP], [LOC_NOM]) VALUES (170, N'5020', N'Champion')
GO
INSERT [dbo].[LOC] ([LOC_ID], [LOC_CP], [LOC_NOM]) VALUES (171, N'6971', N'Champlon')
GO
INSERT [dbo].[LOC] ([LOC_ID], [LOC_CP], [LOC_NOM]) VALUES (172, N'6921', N'Chanly')
GO
INSERT [dbo].[LOC] ([LOC_ID], [LOC_CP], [LOC_NOM]) VALUES (173, N'6742', N'Chantemelle')
GO
INSERT [dbo].[LOC] ([LOC_ID], [LOC_CP], [LOC_NOM]) VALUES (174, N'4537', N'Chapon-Seraing')
GO
INSERT [dbo].[LOC] ([LOC_ID], [LOC_CP], [LOC_NOM]) VALUES (175, N'4654', N'Charneux')
GO
INSERT [dbo].[LOC] ([LOC_ID], [LOC_CP], [LOC_NOM]) VALUES (176, N'6824', N'Chassepierre')
GO
INSERT [dbo].[LOC] ([LOC_ID], [LOC_CP], [LOC_NOM]) VALUES (177, N'5650', N'Chastrès')
GO
INSERT [dbo].[LOC] ([LOC_ID], [LOC_CP], [LOC_NOM]) VALUES (178, N'6747', N'Châtillon')
GO
INSERT [dbo].[LOC] ([LOC_ID], [LOC_CP], [LOC_NOM]) VALUES (179, N'4050', N'Chaudfontaine')
GO
INSERT [dbo].[LOC] ([LOC_ID], [LOC_CP], [LOC_NOM]) VALUES (180, N'4032', N'Chênée')
GO
INSERT [dbo].[LOC] ([LOC_ID], [LOC_CP], [LOC_NOM]) VALUES (181, N'6673', N'Cherain')
GO
INSERT [dbo].[LOC] ([LOC_ID], [LOC_CP], [LOC_NOM]) VALUES (182, N'4602', N'Cheratte')
GO
INSERT [dbo].[LOC] ([LOC_ID], [LOC_CP], [LOC_NOM]) VALUES (183, N'5590', N'Chevetogne')
GO
INSERT [dbo].[LOC] ([LOC_ID], [LOC_CP], [LOC_NOM]) VALUES (184, N'4987', N'Chevron')
GO
INSERT [dbo].[LOC] ([LOC_ID], [LOC_CP], [LOC_NOM]) VALUES (185, N'6810', N'Chiny')
GO
INSERT [dbo].[LOC] ([LOC_ID], [LOC_CP], [LOC_NOM]) VALUES (186, N'4400', N'Chokier')
GO
INSERT [dbo].[LOC] ([LOC_ID], [LOC_CP], [LOC_NOM]) VALUES (187, N'5560', N'Ciergnon')
GO
INSERT [dbo].[LOC] ([LOC_ID], [LOC_CP], [LOC_NOM]) VALUES (188, N'5590', N'Ciney')
GO
INSERT [dbo].[LOC] ([LOC_ID], [LOC_CP], [LOC_NOM]) VALUES (189, N'4260', N'Ciplet')
GO
INSERT [dbo].[LOC] ([LOC_ID], [LOC_CP], [LOC_NOM]) VALUES (190, N'4560', N'Clavier')
GO
INSERT [dbo].[LOC] ([LOC_ID], [LOC_CP], [LOC_NOM]) VALUES (191, N'4890', N'Clermont')
GO
INSERT [dbo].[LOC] ([LOC_ID], [LOC_CP], [LOC_NOM]) VALUES (192, N'5650', N'Clermont')
GO
INSERT [dbo].[LOC] ([LOC_ID], [LOC_CP], [LOC_NOM]) VALUES (193, N'4480', N'Clermont-Sous-Huy')
GO
INSERT [dbo].[LOC] ([LOC_ID], [LOC_CP], [LOC_NOM]) VALUES (194, N'5022', N'Cognelée')
GO
INSERT [dbo].[LOC] ([LOC_ID], [LOC_CP], [LOC_NOM]) VALUES (195, N'4170', N'Comblain-Au-Pont')
GO
INSERT [dbo].[LOC] ([LOC_ID], [LOC_CP], [LOC_NOM]) VALUES (196, N'4180', N'Comblain-Fairon')
GO
INSERT [dbo].[LOC] ([LOC_ID], [LOC_CP], [LOC_NOM]) VALUES (197, N'4180', N'Comblain-La-Tour')
GO
INSERT [dbo].[LOC] ([LOC_ID], [LOC_CP], [LOC_NOM]) VALUES (198, N'5590', N'Conneux')
GO
INSERT [dbo].[LOC] ([LOC_ID], [LOC_CP], [LOC_NOM]) VALUES (199, N'6838', N'Corbion')
GO
INSERT [dbo].[LOC] ([LOC_ID], [LOC_CP], [LOC_NOM]) VALUES (200, N'5620', N'Corenne')
GO
INSERT [dbo].[LOC] ([LOC_ID], [LOC_CP], [LOC_NOM]) VALUES (201, N'4860', N'Cornesse')
GO
INSERT [dbo].[LOC] ([LOC_ID], [LOC_CP], [LOC_NOM]) VALUES (202, N'5555', N'Cornimont')
GO
INSERT [dbo].[LOC] ([LOC_ID], [LOC_CP], [LOC_NOM]) VALUES (203, N'5032', N'Corroy-Le-Château')
GO
INSERT [dbo].[LOC] ([LOC_ID], [LOC_CP], [LOC_NOM]) VALUES (204, N'4257', N'Corswarem')
GO
INSERT [dbo].[LOC] ([LOC_ID], [LOC_CP], [LOC_NOM]) VALUES (205, N'5380', N'Cortil-Wodon')
GO
INSERT [dbo].[LOC] ([LOC_ID], [LOC_CP], [LOC_NOM]) VALUES (206, N'5336', N'Courrière')
GO
INSERT [dbo].[LOC] ([LOC_ID], [LOC_CP], [LOC_NOM]) VALUES (207, N'4218', N'Couthuin')
GO
INSERT [dbo].[LOC] ([LOC_ID], [LOC_CP], [LOC_NOM]) VALUES (208, N'5300', N'Coutisse')
GO
INSERT [dbo].[LOC] ([LOC_ID], [LOC_CP], [LOC_NOM]) VALUES (209, N'5660', N'Couvin')
GO
INSERT [dbo].[LOC] ([LOC_ID], [LOC_CP], [LOC_NOM]) VALUES (210, N'4280', N'Cras-Avernas')
GO
INSERT [dbo].[LOC] ([LOC_ID], [LOC_CP], [LOC_NOM]) VALUES (211, N'4280', N'Crehen')
GO
INSERT [dbo].[LOC] ([LOC_ID], [LOC_CP], [LOC_NOM]) VALUES (212, N'4367', N'Crisnée')
GO
INSERT [dbo].[LOC] ([LOC_ID], [LOC_CP], [LOC_NOM]) VALUES (213, N'4784', N'Crombach')
GO
INSERT [dbo].[LOC] ([LOC_ID], [LOC_CP], [LOC_NOM]) VALUES (214, N'5332', N'Crupet')
GO
INSERT [dbo].[LOC] ([LOC_ID], [LOC_CP], [LOC_NOM]) VALUES (215, N'6880', N'Cugnon')
GO
INSERT [dbo].[LOC] ([LOC_ID], [LOC_CP], [LOC_NOM]) VALUES (216, N'5660', N'Cul-Des-Sarts')
GO
INSERT [dbo].[LOC] ([LOC_ID], [LOC_CP], [LOC_NOM]) VALUES (217, N'5562', N'Custinne')
GO
INSERT [dbo].[LOC] ([LOC_ID], [LOC_CP], [LOC_NOM]) VALUES (218, N'5660', N'Dailly')
GO
INSERT [dbo].[LOC] ([LOC_ID], [LOC_CP], [LOC_NOM]) VALUES (219, N'4607', N'Dalhem')
GO
INSERT [dbo].[LOC] ([LOC_ID], [LOC_CP], [LOC_NOM]) VALUES (220, N'6767', N'Dampicourt')
GO
INSERT [dbo].[LOC] ([LOC_ID], [LOC_CP], [LOC_NOM]) VALUES (221, N'4253', N'Darion')
GO
INSERT [dbo].[LOC] ([LOC_ID], [LOC_CP], [LOC_NOM]) VALUES (222, N'5630', N'Daussois')
GO
INSERT [dbo].[LOC] ([LOC_ID], [LOC_CP], [LOC_NOM]) VALUES (223, N'5020', N'Daussoulx')
GO
INSERT [dbo].[LOC] ([LOC_ID], [LOC_CP], [LOC_NOM]) VALUES (224, N'5100', N'Dave')
GO
INSERT [dbo].[LOC] ([LOC_ID], [LOC_CP], [LOC_NOM]) VALUES (225, N'6929', N'Daverdisse')
GO
INSERT [dbo].[LOC] ([LOC_ID], [LOC_CP], [LOC_NOM]) VALUES (226, N'5537', N'Denée')
GO
INSERT [dbo].[LOC] ([LOC_ID], [LOC_CP], [LOC_NOM]) VALUES (227, N'5310', N'Dhuy')
GO
INSERT [dbo].[LOC] ([LOC_ID], [LOC_CP], [LOC_NOM]) VALUES (228, N'5500', N'Dinant')
GO
INSERT [dbo].[LOC] ([LOC_ID], [LOC_CP], [LOC_NOM]) VALUES (229, N'5570', N'Dion')
GO
INSERT [dbo].[LOC] ([LOC_ID], [LOC_CP], [LOC_NOM]) VALUES (230, N'4820', N'Dison')
GO
INSERT [dbo].[LOC] ([LOC_ID], [LOC_CP], [LOC_NOM]) VALUES (231, N'6960', N'Dochamps')
GO
INSERT [dbo].[LOC] ([LOC_ID], [LOC_CP], [LOC_NOM]) VALUES (232, N'6836', N'Dohan')
GO
INSERT [dbo].[LOC] ([LOC_ID], [LOC_CP], [LOC_NOM]) VALUES (233, N'5680', N'Doische')
GO
INSERT [dbo].[LOC] ([LOC_ID], [LOC_CP], [LOC_NOM]) VALUES (234, N'4140', N'Dolembreux')
GO
INSERT [dbo].[LOC] ([LOC_ID], [LOC_CP], [LOC_NOM]) VALUES (235, N'4357', N'Donceel')
GO
INSERT [dbo].[LOC] ([LOC_ID], [LOC_CP], [LOC_NOM]) VALUES (236, N'5530', N'Dorinne')
GO
INSERT [dbo].[LOC] ([LOC_ID], [LOC_CP], [LOC_NOM]) VALUES (237, N'5670', N'Dourbes')
GO
INSERT [dbo].[LOC] ([LOC_ID], [LOC_CP], [LOC_NOM]) VALUES (238, N'5500', N'Dréhance')
GO
INSERT [dbo].[LOC] ([LOC_ID], [LOC_CP], [LOC_NOM]) VALUES (239, N'6940', N'Durbuy')
GO
INSERT [dbo].[LOC] ([LOC_ID], [LOC_CP], [LOC_NOM]) VALUES (240, N'5530', N'Durnal')
GO
INSERT [dbo].[LOC] ([LOC_ID], [LOC_CP], [LOC_NOM]) VALUES (241, N'4690', N'Eben-Emael')
GO
INSERT [dbo].[LOC] ([LOC_ID], [LOC_CP], [LOC_NOM]) VALUES (242, N'6860', N'Ebly')
GO
INSERT [dbo].[LOC] ([LOC_ID], [LOC_CP], [LOC_NOM]) VALUES (243, N'5310', N'Eghezée')
GO
INSERT [dbo].[LOC] ([LOC_ID], [LOC_CP], [LOC_NOM]) VALUES (244, N'4120', N'Ehein')
GO
INSERT [dbo].[LOC] ([LOC_ID], [LOC_CP], [LOC_NOM]) VALUES (245, N'4480', N'Ehein')
GO
INSERT [dbo].[LOC] ([LOC_ID], [LOC_CP], [LOC_NOM]) VALUES (246, N'4590', N'Ellemelle')
GO
INSERT [dbo].[LOC] ([LOC_ID], [LOC_CP], [LOC_NOM]) VALUES (247, N'4750', N'Elsenborn')
GO
INSERT [dbo].[LOC] ([LOC_ID], [LOC_CP], [LOC_NOM]) VALUES (248, N'4053', N'Embourg')
GO
INSERT [dbo].[LOC] ([LOC_ID], [LOC_CP], [LOC_NOM]) VALUES (249, N'5080', N'Emines')
GO
INSERT [dbo].[LOC] ([LOC_ID], [LOC_CP], [LOC_NOM]) VALUES (250, N'5363', N'Emptinne')
GO
INSERT [dbo].[LOC] ([LOC_ID], [LOC_CP], [LOC_NOM]) VALUES (251, N'4480', N'Engis')
GO
INSERT [dbo].[LOC] ([LOC_ID], [LOC_CP], [LOC_NOM]) VALUES (252, N'4800', N'Ensival')
GO
INSERT [dbo].[LOC] ([LOC_ID], [LOC_CP], [LOC_NOM]) VALUES (253, N'5580', N'Eprave')
GO
INSERT [dbo].[LOC] ([LOC_ID], [LOC_CP], [LOC_NOM]) VALUES (254, N'6997', N'Erezée')
GO
INSERT [dbo].[LOC] ([LOC_ID], [LOC_CP], [LOC_NOM]) VALUES (255, N'5644', N'Ermeton-Sur-Biert')
GO
INSERT [dbo].[LOC] ([LOC_ID], [LOC_CP], [LOC_NOM]) VALUES (256, N'5030', N'Ernage')
GO
INSERT [dbo].[LOC] ([LOC_ID], [LOC_CP], [LOC_NOM]) VALUES (257, N'6972', N'Erneuville')
GO
INSERT [dbo].[LOC] ([LOC_ID], [LOC_CP], [LOC_NOM]) VALUES (258, N'4920', N'Ernonheid')
GO
INSERT [dbo].[LOC] ([LOC_ID], [LOC_CP], [LOC_NOM]) VALUES (259, N'5101', N'Erpent')
GO
INSERT [dbo].[LOC] ([LOC_ID], [LOC_CP], [LOC_NOM]) VALUES (260, N'4130', N'Esneux')
GO
INSERT [dbo].[LOC] ([LOC_ID], [LOC_CP], [LOC_NOM]) VALUES (261, N'6740', N'Etalle')
GO
INSERT [dbo].[LOC] ([LOC_ID], [LOC_CP], [LOC_NOM]) VALUES (262, N'6760', N'Ethe')
GO
INSERT [dbo].[LOC] ([LOC_ID], [LOC_CP], [LOC_NOM]) VALUES (263, N'4700', N'Eupen')
GO
INSERT [dbo].[LOC] ([LOC_ID], [LOC_CP], [LOC_NOM]) VALUES (264, N'4631', N'Evegnée')
GO
INSERT [dbo].[LOC] ([LOC_ID], [LOC_CP], [LOC_NOM]) VALUES (265, N'5350', N'Evelette')
GO
INSERT [dbo].[LOC] ([LOC_ID], [LOC_CP], [LOC_NOM]) VALUES (266, N'5530', N'Evrehailles')
GO
INSERT [dbo].[LOC] ([LOC_ID], [LOC_CP], [LOC_NOM]) VALUES (267, N'4731', N'Eynatten')
GO
INSERT [dbo].[LOC] ([LOC_ID], [LOC_CP], [LOC_NOM]) VALUES (268, N'5600', N'Fagnolle')
GO
INSERT [dbo].[LOC] ([LOC_ID], [LOC_CP], [LOC_NOM]) VALUES (269, N'4317', N'Faimes')
GO
INSERT [dbo].[LOC] ([LOC_ID], [LOC_CP], [LOC_NOM]) VALUES (270, N'5522', N'Falaën')
GO
INSERT [dbo].[LOC] ([LOC_ID], [LOC_CP], [LOC_NOM]) VALUES (271, N'5060', N'Falisolle')
GO
INSERT [dbo].[LOC] ([LOC_ID], [LOC_CP], [LOC_NOM]) VALUES (272, N'4260', N'Fallais')
GO
INSERT [dbo].[LOC] ([LOC_ID], [LOC_CP], [LOC_NOM]) VALUES (273, N'5500', N'Falmagne')
GO
INSERT [dbo].[LOC] ([LOC_ID], [LOC_CP], [LOC_NOM]) VALUES (274, N'5500', N'Falmignoul')
GO
INSERT [dbo].[LOC] ([LOC_ID], [LOC_CP], [LOC_NOM]) VALUES (275, N'5340', N'Faulx-Les-Tombes')
GO
INSERT [dbo].[LOC] ([LOC_ID], [LOC_CP], [LOC_NOM]) VALUES (276, N'6637', N'Fauvillers')
GO
INSERT [dbo].[LOC] ([LOC_ID], [LOC_CP], [LOC_NOM]) VALUES (277, N'4950', N'Faymonville')
GO
INSERT [dbo].[LOC] ([LOC_ID], [LOC_CP], [LOC_NOM]) VALUES (278, N'6856', N'Fays-Les-Veneurs')
GO
INSERT [dbo].[LOC] ([LOC_ID], [LOC_CP], [LOC_NOM]) VALUES (279, N'5570', N'Felenne')
GO
INSERT [dbo].[LOC] ([LOC_ID], [LOC_CP], [LOC_NOM]) VALUES (280, N'4607', N'Feneur')
GO
INSERT [dbo].[LOC] ([LOC_ID], [LOC_CP], [LOC_NOM]) VALUES (281, N'4190', N'Ferrières')
GO
INSERT [dbo].[LOC] ([LOC_ID], [LOC_CP], [LOC_NOM]) VALUES (282, N'5570', N'Feschaux')
GO
INSERT [dbo].[LOC] ([LOC_ID], [LOC_CP], [LOC_NOM]) VALUES (283, N'4347', N'Fexhe-Le-Haut-Clocher')
GO
INSERT [dbo].[LOC] ([LOC_ID], [LOC_CP], [LOC_NOM]) VALUES (284, N'4458', N'Fexhe-Slins')
GO
INSERT [dbo].[LOC] ([LOC_ID], [LOC_CP], [LOC_NOM]) VALUES (285, N'4181', N'Filot')
GO
INSERT [dbo].[LOC] ([LOC_ID], [LOC_CP], [LOC_NOM]) VALUES (286, N'5560', N'Finnevaux')
GO
INSERT [dbo].[LOC] ([LOC_ID], [LOC_CP], [LOC_NOM]) VALUES (287, N'4530', N'Fize-Fontaine')
GO
INSERT [dbo].[LOC] ([LOC_ID], [LOC_CP], [LOC_NOM]) VALUES (288, N'4367', N'Fize-Le-Marsal')
GO
INSERT [dbo].[LOC] ([LOC_ID], [LOC_CP], [LOC_NOM]) VALUES (289, N'6686', N'Flamierge')
GO
INSERT [dbo].[LOC] ([LOC_ID], [LOC_CP], [LOC_NOM]) VALUES (290, N'5620', N'Flavion')
GO
INSERT [dbo].[LOC] ([LOC_ID], [LOC_CP], [LOC_NOM]) VALUES (291, N'5020', N'Flawinne')
GO
INSERT [dbo].[LOC] ([LOC_ID], [LOC_CP], [LOC_NOM]) VALUES (292, N'4400', N'Flémalle-Grande')
GO
INSERT [dbo].[LOC] ([LOC_ID], [LOC_CP], [LOC_NOM]) VALUES (293, N'4400', N'Flémalle-Haute')
GO
INSERT [dbo].[LOC] ([LOC_ID], [LOC_CP], [LOC_NOM]) VALUES (294, N'4620', N'Fléron')
GO
INSERT [dbo].[LOC] ([LOC_ID], [LOC_CP], [LOC_NOM]) VALUES (295, N'4540', N'Flône')
GO
INSERT [dbo].[LOC] ([LOC_ID], [LOC_CP], [LOC_NOM]) VALUES (296, N'5334', N'Florée')
GO
INSERT [dbo].[LOC] ([LOC_ID], [LOC_CP], [LOC_NOM]) VALUES (297, N'5150', N'Floreffe')
GO
INSERT [dbo].[LOC] ([LOC_ID], [LOC_CP], [LOC_NOM]) VALUES (298, N'5620', N'Florennes')
GO
INSERT [dbo].[LOC] ([LOC_ID], [LOC_CP], [LOC_NOM]) VALUES (299, N'6820', N'Florenville')
GO
INSERT [dbo].[LOC] ([LOC_ID], [LOC_CP], [LOC_NOM]) VALUES (300, N'5150', N'Floriffoux')
GO
INSERT [dbo].[LOC] ([LOC_ID], [LOC_CP], [LOC_NOM]) VALUES (301, N'5370', N'Flostoy')
GO
INSERT [dbo].[LOC] ([LOC_ID], [LOC_CP], [LOC_NOM]) VALUES (302, N'5572', N'Focant')
GO
INSERT [dbo].[LOC] ([LOC_ID], [LOC_CP], [LOC_NOM]) VALUES (303, N'5650', N'Fontenelle')
GO
INSERT [dbo].[LOC] ([LOC_ID], [LOC_CP], [LOC_NOM]) VALUES (304, N'6820', N'Fontenoille')
GO
INSERT [dbo].[LOC] ([LOC_ID], [LOC_CP], [LOC_NOM]) VALUES (305, N'4340', N'Fooz')
GO
INSERT [dbo].[LOC] ([LOC_ID], [LOC_CP], [LOC_NOM]) VALUES (306, N'4870', N'Forêt')
GO
INSERT [dbo].[LOC] ([LOC_ID], [LOC_CP], [LOC_NOM]) VALUES (307, N'6953', N'Forrières')
GO
INSERT [dbo].[LOC] ([LOC_ID], [LOC_CP], [LOC_NOM]) VALUES (308, N'5380', N'Forville')
GO
INSERT [dbo].[LOC] ([LOC_ID], [LOC_CP], [LOC_NOM]) VALUES (309, N'4980', N'Fosse')
GO
INSERT [dbo].[LOC] ([LOC_ID], [LOC_CP], [LOC_NOM]) VALUES (310, N'5070', N'Fosses-La-Ville')
GO
INSERT [dbo].[LOC] ([LOC_ID], [LOC_CP], [LOC_NOM]) VALUES (311, N'5504', N'Foy-Notre-Dame')
GO
INSERT [dbo].[LOC] ([LOC_ID], [LOC_CP], [LOC_NOM]) VALUES (312, N'4870', N'Fraipont')
GO
INSERT [dbo].[LOC] ([LOC_ID], [LOC_CP], [LOC_NOM]) VALUES (313, N'5650', N'Fraire')
GO
INSERT [dbo].[LOC] ([LOC_ID], [LOC_CP], [LOC_NOM]) VALUES (314, N'4557', N'Fraiture')
GO
INSERT [dbo].[LOC] ([LOC_ID], [LOC_CP], [LOC_NOM]) VALUES (315, N'6853', N'Framont')
GO
INSERT [dbo].[LOC] ([LOC_ID], [LOC_CP], [LOC_NOM]) VALUES (316, N'5380', N'Franc-Waret')
GO
INSERT [dbo].[LOC] ([LOC_ID], [LOC_CP], [LOC_NOM]) VALUES (317, N'5600', N'Franchimont')
GO
INSERT [dbo].[LOC] ([LOC_ID], [LOC_CP], [LOC_NOM]) VALUES (318, N'4970', N'Francorchamps')
GO
INSERT [dbo].[LOC] ([LOC_ID], [LOC_CP], [LOC_NOM]) VALUES (319, N'5150', N'Franière')
GO
INSERT [dbo].[LOC] ([LOC_ID], [LOC_CP], [LOC_NOM]) VALUES (320, N'5660', N'Frasnes')
GO
INSERT [dbo].[LOC] ([LOC_ID], [LOC_CP], [LOC_NOM]) VALUES (321, N'4347', N'Freloux')
GO
INSERT [dbo].[LOC] ([LOC_ID], [LOC_CP], [LOC_NOM]) VALUES (322, N'6800', N'Freux')
GO
INSERT [dbo].[LOC] ([LOC_ID], [LOC_CP], [LOC_NOM]) VALUES (323, N'5576', N'Froidfontaine')
GO
INSERT [dbo].[LOC] ([LOC_ID], [LOC_CP], [LOC_NOM]) VALUES (324, N'6990', N'Fronville')
GO
INSERT [dbo].[LOC] ([LOC_ID], [LOC_CP], [LOC_NOM]) VALUES (325, N'4260', N'Fumal')
GO
INSERT [dbo].[LOC] ([LOC_ID], [LOC_CP], [LOC_NOM]) VALUES (326, N'5500', N'Furfooz')
GO
INSERT [dbo].[LOC] ([LOC_ID], [LOC_CP], [LOC_NOM]) VALUES (327, N'5641', N'Furnaux')
GO
INSERT [dbo].[LOC] ([LOC_ID], [LOC_CP], [LOC_NOM]) VALUES (328, N'5575', N'Gedinne')
GO
INSERT [dbo].[LOC] ([LOC_ID], [LOC_CP], [LOC_NOM]) VALUES (329, N'4250', N'Geer')
GO
INSERT [dbo].[LOC] ([LOC_ID], [LOC_CP], [LOC_NOM]) VALUES (330, N'5024', N'Gelbressée')
GO
INSERT [dbo].[LOC] ([LOC_ID], [LOC_CP], [LOC_NOM]) VALUES (331, N'6929', N'Gembes')
GO
INSERT [dbo].[LOC] ([LOC_ID], [LOC_CP], [LOC_NOM]) VALUES (332, N'5030', N'Gembloux')
GO
INSERT [dbo].[LOC] ([LOC_ID], [LOC_CP], [LOC_NOM]) VALUES (333, N'4851', N'Gemmenich')
GO
INSERT [dbo].[LOC] ([LOC_ID], [LOC_CP], [LOC_NOM]) VALUES (334, N'5524', N'Gérin')
GO
INSERT [dbo].[LOC] ([LOC_ID], [LOC_CP], [LOC_NOM]) VALUES (335, N'6769', N'Gérouville')
GO
INSERT [dbo].[LOC] ([LOC_ID], [LOC_CP], [LOC_NOM]) VALUES (336, N'5340', N'Gesves')
GO
INSERT [dbo].[LOC] ([LOC_ID], [LOC_CP], [LOC_NOM]) VALUES (337, N'5680', N'Gimnée')
GO
INSERT [dbo].[LOC] ([LOC_ID], [LOC_CP], [LOC_NOM]) VALUES (338, N'4000', N'Glain')
GO
INSERT [dbo].[LOC] ([LOC_ID], [LOC_CP], [LOC_NOM]) VALUES (339, N'4400', N'Gleixhe')
GO
INSERT [dbo].[LOC] ([LOC_ID], [LOC_CP], [LOC_NOM]) VALUES (340, N'4690', N'Glons')
GO
INSERT [dbo].[LOC] ([LOC_ID], [LOC_CP], [LOC_NOM]) VALUES (341, N'5680', N'Gochenée')
GO
INSERT [dbo].[LOC] ([LOC_ID], [LOC_CP], [LOC_NOM]) VALUES (342, N'5530', N'Godinne')
GO
INSERT [dbo].[LOC] ([LOC_ID], [LOC_CP], [LOC_NOM]) VALUES (343, N'4834', N'Goé')
GO
INSERT [dbo].[LOC] ([LOC_ID], [LOC_CP], [LOC_NOM]) VALUES (344, N'5353', N'Goesnes')
GO
INSERT [dbo].[LOC] ([LOC_ID], [LOC_CP], [LOC_NOM]) VALUES (345, N'4140', N'Gomzé-Andoumont')
GO
INSERT [dbo].[LOC] ([LOC_ID], [LOC_CP], [LOC_NOM]) VALUES (346, N'5660', N'Gonrieux')
GO
INSERT [dbo].[LOC] ([LOC_ID], [LOC_CP], [LOC_NOM]) VALUES (347, N'5651', N'Gourdinne')
GO
INSERT [dbo].[LOC] ([LOC_ID], [LOC_CP], [LOC_NOM]) VALUES (348, N'6670', N'Gouvy')
GO
INSERT [dbo].[LOC] ([LOC_ID], [LOC_CP], [LOC_NOM]) VALUES (349, N'4460', N'Grâce-Berleur')
GO
INSERT [dbo].[LOC] ([LOC_ID], [LOC_CP], [LOC_NOM]) VALUES (350, N'4460', N'Grâce-Hollogne')
GO
INSERT [dbo].[LOC] ([LOC_ID], [LOC_CP], [LOC_NOM]) VALUES (351, N'5555', N'Graide')
GO
INSERT [dbo].[LOC] ([LOC_ID], [LOC_CP], [LOC_NOM]) VALUES (352, N'4300', N'Grand-Axhe')
GO
INSERT [dbo].[LOC] ([LOC_ID], [LOC_CP], [LOC_NOM]) VALUES (353, N'4280', N'Grand-Hallet')
GO
INSERT [dbo].[LOC] ([LOC_ID], [LOC_CP], [LOC_NOM]) VALUES (354, N'6698', N'Grand-Halleux')
GO
INSERT [dbo].[LOC] ([LOC_ID], [LOC_CP], [LOC_NOM]) VALUES (355, N'5031', N'Grand-Leez')
GO
INSERT [dbo].[LOC] ([LOC_ID], [LOC_CP], [LOC_NOM]) VALUES (356, N'5030', N'Grand-Manil')
GO
INSERT [dbo].[LOC] ([LOC_ID], [LOC_CP], [LOC_NOM]) VALUES (357, N'4650', N'Grand-Rechain')
GO
INSERT [dbo].[LOC] ([LOC_ID], [LOC_CP], [LOC_NOM]) VALUES (358, N'6940', N'Grandhan')
GO
INSERT [dbo].[LOC] ([LOC_ID], [LOC_CP], [LOC_NOM]) VALUES (359, N'6960', N'Grandménil')
GO
INSERT [dbo].[LOC] ([LOC_ID], [LOC_CP], [LOC_NOM]) VALUES (360, N'4360', N'Grandville')
GO
INSERT [dbo].[LOC] ([LOC_ID], [LOC_CP], [LOC_NOM]) VALUES (361, N'6840', N'Grandvoir')
GO
INSERT [dbo].[LOC] ([LOC_ID], [LOC_CP], [LOC_NOM]) VALUES (362, N'6840', N'Grapfontaine')
GO
INSERT [dbo].[LOC] ([LOC_ID], [LOC_CP], [LOC_NOM]) VALUES (363, N'5640', N'Graux')
GO
INSERT [dbo].[LOC] ([LOC_ID], [LOC_CP], [LOC_NOM]) VALUES (364, N'4030', N'Grivegnée')
GO
INSERT [dbo].[LOC] ([LOC_ID], [LOC_CP], [LOC_NOM]) VALUES (365, N'5555', N'Gros-Fays')
GO
INSERT [dbo].[LOC] ([LOC_ID], [LOC_CP], [LOC_NOM]) VALUES (366, N'6952', N'Grune')
GO
INSERT [dbo].[LOC] ([LOC_ID], [LOC_CP], [LOC_NOM]) VALUES (367, N'6927', N'Grupont')
GO
INSERT [dbo].[LOC] ([LOC_ID], [LOC_CP], [LOC_NOM]) VALUES (368, N'6704', N'Guirsch')
GO
INSERT [dbo].[LOC] ([LOC_ID], [LOC_CP], [LOC_NOM]) VALUES (369, N'6720', N'Habay-La-Neuve')
GO
INSERT [dbo].[LOC] ([LOC_ID], [LOC_CP], [LOC_NOM]) VALUES (370, N'6723', N'Habay-La-Vieille')
GO
INSERT [dbo].[LOC] ([LOC_ID], [LOC_CP], [LOC_NOM]) VALUES (371, N'6782', N'Habergy')
GO
INSERT [dbo].[LOC] ([LOC_ID], [LOC_CP], [LOC_NOM]) VALUES (372, N'4684', N'Haccourt')
GO
INSERT [dbo].[LOC] ([LOC_ID], [LOC_CP], [LOC_NOM]) VALUES (373, N'6720', N'Hachy')
GO
INSERT [dbo].[LOC] ([LOC_ID], [LOC_CP], [LOC_NOM]) VALUES (374, N'5351', N'Haillot')
GO
INSERT [dbo].[LOC] ([LOC_ID], [LOC_CP], [LOC_NOM]) VALUES (375, N'6792', N'Halanzy')
GO
INSERT [dbo].[LOC] ([LOC_ID], [LOC_CP], [LOC_NOM]) VALUES (376, N'6986', N'Halleux')
GO
INSERT [dbo].[LOC] ([LOC_ID], [LOC_CP], [LOC_NOM]) VALUES (377, N'6922', N'Halma')
GO
INSERT [dbo].[LOC] ([LOC_ID], [LOC_CP], [LOC_NOM]) VALUES (378, N'5340', N'Haltinne')
GO
INSERT [dbo].[LOC] ([LOC_ID], [LOC_CP], [LOC_NOM]) VALUES (379, N'5190', N'Ham-Sur-Sambre')
GO
INSERT [dbo].[LOC] ([LOC_ID], [LOC_CP], [LOC_NOM]) VALUES (380, N'6840', N'Hamipré')
GO
INSERT [dbo].[LOC] ([LOC_ID], [LOC_CP], [LOC_NOM]) VALUES (381, N'4180', N'Hamoir')
GO
INSERT [dbo].[LOC] ([LOC_ID], [LOC_CP], [LOC_NOM]) VALUES (382, N'5360', N'Hamois')
GO
INSERT [dbo].[LOC] ([LOC_ID], [LOC_CP], [LOC_NOM]) VALUES (383, N'6990', N'Hampteau')
GO
INSERT [dbo].[LOC] ([LOC_ID], [LOC_CP], [LOC_NOM]) VALUES (384, N'5580', N'Han-Sur-Lesse')
GO
INSERT [dbo].[LOC] ([LOC_ID], [LOC_CP], [LOC_NOM]) VALUES (385, N'4357', N'Haneffe')
GO
INSERT [dbo].[LOC] ([LOC_ID], [LOC_CP], [LOC_NOM]) VALUES (386, N'4210', N'Hannêche')
GO
INSERT [dbo].[LOC] ([LOC_ID], [LOC_CP], [LOC_NOM]) VALUES (387, N'4280', N'Hannut')
GO
INSERT [dbo].[LOC] ([LOC_ID], [LOC_CP], [LOC_NOM]) VALUES (388, N'5310', N'Hanret')
GO
INSERT [dbo].[LOC] ([LOC_ID], [LOC_CP], [LOC_NOM]) VALUES (389, N'5621', N'Hanzinelle')
GO
INSERT [dbo].[LOC] ([LOC_ID], [LOC_CP], [LOC_NOM]) VALUES (390, N'5621', N'Hanzinne')
GO
INSERT [dbo].[LOC] ([LOC_ID], [LOC_CP], [LOC_NOM]) VALUES (391, N'6900', N'Hargimont')
GO
INSERT [dbo].[LOC] ([LOC_ID], [LOC_CP], [LOC_NOM]) VALUES (392, N'6767', N'Harnoncourt')
GO
INSERT [dbo].[LOC] ([LOC_ID], [LOC_CP], [LOC_NOM]) VALUES (393, N'6960', N'Harre')
GO
INSERT [dbo].[LOC] ([LOC_ID], [LOC_CP], [LOC_NOM]) VALUES (394, N'6950', N'Harsin')
GO
INSERT [dbo].[LOC] ([LOC_ID], [LOC_CP], [LOC_NOM]) VALUES (395, N'4920', N'Harzé')
GO
INSERT [dbo].[LOC] ([LOC_ID], [LOC_CP], [LOC_NOM]) VALUES (396, N'5540', N'Hastière-Lavaux')
GO
INSERT [dbo].[LOC] ([LOC_ID], [LOC_CP], [LOC_NOM]) VALUES (397, N'5541', N'Hastière-Par-Delà')
GO
INSERT [dbo].[LOC] ([LOC_ID], [LOC_CP], [LOC_NOM]) VALUES (398, N'6870', N'Hatrival')
GO
INSERT [dbo].[LOC] ([LOC_ID], [LOC_CP], [LOC_NOM]) VALUES (399, N'4730', N'Hauset')
GO
INSERT [dbo].[LOC] ([LOC_ID], [LOC_CP], [LOC_NOM]) VALUES (400, N'6929', N'Haut-Fays')
GO
INSERT [dbo].[LOC] ([LOC_ID], [LOC_CP], [LOC_NOM]) VALUES (401, N'5537', N'Haut-Le-Wastia')
GO
INSERT [dbo].[LOC] ([LOC_ID], [LOC_CP], [LOC_NOM]) VALUES (402, N'5370', N'Havelange')
GO
INSERT [dbo].[LOC] ([LOC_ID], [LOC_CP], [LOC_NOM]) VALUES (403, N'5590', N'Haversin')
GO
INSERT [dbo].[LOC] ([LOC_ID], [LOC_CP], [LOC_NOM]) VALUES (404, N'5543', N'Heer')
GO
INSERT [dbo].[LOC] ([LOC_ID], [LOC_CP], [LOC_NOM]) VALUES (405, N'6700', N'Heinsch')
GO
INSERT [dbo].[LOC] ([LOC_ID], [LOC_CP], [LOC_NOM]) VALUES (406, N'5380', N'Hemptinne')
GO
INSERT [dbo].[LOC] ([LOC_ID], [LOC_CP], [LOC_NOM]) VALUES (407, N'5620', N'Hemptinne-Lez-Florennes')
GO
INSERT [dbo].[LOC] ([LOC_ID], [LOC_CP], [LOC_NOM]) VALUES (408, N'4841', N'Henri-Chapelle')
GO
INSERT [dbo].[LOC] ([LOC_ID], [LOC_CP], [LOC_NOM]) VALUES (409, N'4771', N'Heppenbach')
GO
INSERT [dbo].[LOC] ([LOC_ID], [LOC_CP], [LOC_NOM]) VALUES (410, N'6887', N'Herbeumont')
GO
INSERT [dbo].[LOC] ([LOC_ID], [LOC_CP], [LOC_NOM]) VALUES (411, N'4728', N'Hergenrath')
GO
INSERT [dbo].[LOC] ([LOC_ID], [LOC_CP], [LOC_NOM]) VALUES (412, N'4681', N'Hermalle-Sous-Argenteau')
GO
INSERT [dbo].[LOC] ([LOC_ID], [LOC_CP], [LOC_NOM]) VALUES (413, N'4480', N'Hermalle-Sous-Huy')
GO
INSERT [dbo].[LOC] ([LOC_ID], [LOC_CP], [LOC_NOM]) VALUES (414, N'4680', N'Hermée')
GO
INSERT [dbo].[LOC] ([LOC_ID], [LOC_CP], [LOC_NOM]) VALUES (415, N'5540', N'Hermeton-Sur-Meuse')
GO
INSERT [dbo].[LOC] ([LOC_ID], [LOC_CP], [LOC_NOM]) VALUES (416, N'4217', N'Héron')
GO
INSERT [dbo].[LOC] ([LOC_ID], [LOC_CP], [LOC_NOM]) VALUES (417, N'4040', N'Herstal')
GO
INSERT [dbo].[LOC] ([LOC_ID], [LOC_CP], [LOC_NOM]) VALUES (418, N'4650', N'Herve')
GO
INSERT [dbo].[LOC] ([LOC_ID], [LOC_CP], [LOC_NOM]) VALUES (419, N'5377', N'Heure')
GO
INSERT [dbo].[LOC] ([LOC_ID], [LOC_CP], [LOC_NOM]) VALUES (420, N'4682', N'Heure-Le-Romain')
GO
INSERT [dbo].[LOC] ([LOC_ID], [LOC_CP], [LOC_NOM]) VALUES (421, N'4802', N'Heusy')
GO
INSERT [dbo].[LOC] ([LOC_ID], [LOC_CP], [LOC_NOM]) VALUES (422, N'6941', N'Heyd')
GO
INSERT [dbo].[LOC] ([LOC_ID], [LOC_CP], [LOC_NOM]) VALUES (423, N'5380', N'Hingeon')
GO
INSERT [dbo].[LOC] ([LOC_ID], [LOC_CP], [LOC_NOM]) VALUES (424, N'6984', N'Hives')
GO
INSERT [dbo].[LOC] ([LOC_ID], [LOC_CP], [LOC_NOM]) VALUES (425, N'4351', N'Hodeige')
GO
INSERT [dbo].[LOC] ([LOC_ID], [LOC_CP], [LOC_NOM]) VALUES (426, N'6987', N'Hodister')
GO
INSERT [dbo].[LOC] ([LOC_ID], [LOC_CP], [LOC_NOM]) VALUES (427, N'4162', N'Hody')
GO
INSERT [dbo].[LOC] ([LOC_ID], [LOC_CP], [LOC_NOM]) VALUES (428, N'5377', N'Hogne')
GO
INSERT [dbo].[LOC] ([LOC_ID], [LOC_CP], [LOC_NOM]) VALUES (429, N'4342', N'Hognoul')
GO
INSERT [dbo].[LOC] ([LOC_ID], [LOC_CP], [LOC_NOM]) VALUES (430, N'6637', N'Hollange')
GO
INSERT [dbo].[LOC] ([LOC_ID], [LOC_CP], [LOC_NOM]) VALUES (431, N'4460', N'Hollogne-Aux-Pierres')
GO
INSERT [dbo].[LOC] ([LOC_ID], [LOC_CP], [LOC_NOM]) VALUES (432, N'4250', N'Hollogne-Sur-Geer')
GO
INSERT [dbo].[LOC] ([LOC_ID], [LOC_CP], [LOC_NOM]) VALUES (433, N'4852', N'Hombourg')
GO
INSERT [dbo].[LOC] ([LOC_ID], [LOC_CP], [LOC_NOM]) VALUES (434, N'6640', N'Hompré')
GO
INSERT [dbo].[LOC] ([LOC_ID], [LOC_CP], [LOC_NOM]) VALUES (435, N'6780', N'Hondelange')
GO
INSERT [dbo].[LOC] ([LOC_ID], [LOC_CP], [LOC_NOM]) VALUES (436, N'5570', N'Honnay')
GO
INSERT [dbo].[LOC] ([LOC_ID], [LOC_CP], [LOC_NOM]) VALUES (437, N'4460', N'Horion-Hozémont')
GO
INSERT [dbo].[LOC] ([LOC_ID], [LOC_CP], [LOC_NOM]) VALUES (438, N'6990', N'Hotton')
GO
INSERT [dbo].[LOC] ([LOC_ID], [LOC_CP], [LOC_NOM]) VALUES (439, N'6724', N'Houdemont')
GO
INSERT [dbo].[LOC] ([LOC_ID], [LOC_CP], [LOC_NOM]) VALUES (440, N'5575', N'Houdremont')
GO
INSERT [dbo].[LOC] ([LOC_ID], [LOC_CP], [LOC_NOM]) VALUES (441, N'6660', N'Houffalize')
GO
INSERT [dbo].[LOC] ([LOC_ID], [LOC_CP], [LOC_NOM]) VALUES (442, N'5563', N'Hour')
GO
INSERT [dbo].[LOC] ([LOC_ID], [LOC_CP], [LOC_NOM]) VALUES (443, N'4671', N'Housse')
GO
INSERT [dbo].[LOC] ([LOC_ID], [LOC_CP], [LOC_NOM]) VALUES (444, N'4682', N'Houtain-Saint-Siméon')
GO
INSERT [dbo].[LOC] ([LOC_ID], [LOC_CP], [LOC_NOM]) VALUES (445, N'5530', N'Houx')
GO
INSERT [dbo].[LOC] ([LOC_ID], [LOC_CP], [LOC_NOM]) VALUES (446, N'5560', N'Houyet')
GO
INSERT [dbo].[LOC] ([LOC_ID], [LOC_CP], [LOC_NOM]) VALUES (447, N'4520', N'Huccorgne')
GO
INSERT [dbo].[LOC] ([LOC_ID], [LOC_CP], [LOC_NOM]) VALUES (448, N'5560', N'Hulsonniaux')
GO
INSERT [dbo].[LOC] ([LOC_ID], [LOC_CP], [LOC_NOM]) VALUES (449, N'6900', N'Humain')
GO
INSERT [dbo].[LOC] ([LOC_ID], [LOC_CP], [LOC_NOM]) VALUES (450, N'4500', N'Huy')
GO
INSERT [dbo].[LOC] ([LOC_ID], [LOC_CP], [LOC_NOM]) VALUES (451, N'5032', N'Isnes')
GO
INSERT [dbo].[LOC] ([LOC_ID], [LOC_CP], [LOC_NOM]) VALUES (452, N'4400', N'Ivoz-Ramet')
GO
INSERT [dbo].[LOC] ([LOC_ID], [LOC_CP], [LOC_NOM]) VALUES (453, N'6810', N'Izel')
GO
INSERT [dbo].[LOC] ([LOC_ID], [LOC_CP], [LOC_NOM]) VALUES (454, N'6941', N'Izier')
GO
INSERT [dbo].[LOC] ([LOC_ID], [LOC_CP], [LOC_NOM]) VALUES (455, N'4845', N'Jalhay')
GO
INSERT [dbo].[LOC] ([LOC_ID], [LOC_CP], [LOC_NOM]) VALUES (456, N'5354', N'Jallet')
GO
INSERT [dbo].[LOC] ([LOC_ID], [LOC_CP], [LOC_NOM]) VALUES (457, N'5600', N'Jamagne')
GO
INSERT [dbo].[LOC] ([LOC_ID], [LOC_CP], [LOC_NOM]) VALUES (458, N'5100', N'Jambes')
GO
INSERT [dbo].[LOC] ([LOC_ID], [LOC_CP], [LOC_NOM]) VALUES (459, N'5600', N'Jamiolle')
GO
INSERT [dbo].[LOC] ([LOC_ID], [LOC_CP], [LOC_NOM]) VALUES (460, N'6810', N'Jamoigne')
GO
INSERT [dbo].[LOC] ([LOC_ID], [LOC_CP], [LOC_NOM]) VALUES (461, N'5570', N'Javingue')
GO
INSERT [dbo].[LOC] ([LOC_ID], [LOC_CP], [LOC_NOM]) VALUES (462, N'4540', N'Jehay')
GO
INSERT [dbo].[LOC] ([LOC_ID], [LOC_CP], [LOC_NOM]) VALUES (463, N'6880', N'Jehonville')
GO
INSERT [dbo].[LOC] ([LOC_ID], [LOC_CP], [LOC_NOM]) VALUES (464, N'5580', N'Jemelle')
GO
INSERT [dbo].[LOC] ([LOC_ID], [LOC_CP], [LOC_NOM]) VALUES (465, N'4101', N'Jemeppe-Sur-Meuse')
GO
INSERT [dbo].[LOC] ([LOC_ID], [LOC_CP], [LOC_NOM]) VALUES (466, N'5190', N'Jemeppe-Sur-Sambre')
GO
INSERT [dbo].[LOC] ([LOC_ID], [LOC_CP], [LOC_NOM]) VALUES (467, N'4357', N'Jeneffe')
GO
INSERT [dbo].[LOC] ([LOC_ID], [LOC_CP], [LOC_NOM]) VALUES (468, N'5370', N'Jeneffe')
GO
INSERT [dbo].[LOC] ([LOC_ID], [LOC_CP], [LOC_NOM]) VALUES (469, N'4650', N'Julémont')
GO
INSERT [dbo].[LOC] ([LOC_ID], [LOC_CP], [LOC_NOM]) VALUES (470, N'4020', N'Jupille-Sur-Meuse')
GO
INSERT [dbo].[LOC] ([LOC_ID], [LOC_CP], [LOC_NOM]) VALUES (471, N'4450', N'Juprelle')
GO
INSERT [dbo].[LOC] ([LOC_ID], [LOC_CP], [LOC_NOM]) VALUES (472, N'6642', N'Juseret')
GO
INSERT [dbo].[LOC] ([LOC_ID], [LOC_CP], [LOC_NOM]) VALUES (473, N'4367', N'Kemexhe')
GO
INSERT [dbo].[LOC] ([LOC_ID], [LOC_CP], [LOC_NOM]) VALUES (474, N'4701', N'Kettenis')
GO
INSERT [dbo].[LOC] ([LOC_ID], [LOC_CP], [LOC_NOM]) VALUES (475, N'5060', N'Keumiée')
GO
INSERT [dbo].[LOC] ([LOC_ID], [LOC_CP], [LOC_NOM]) VALUES (476, N'4720', N'La Calamine')
GO
INSERT [dbo].[LOC] ([LOC_ID], [LOC_CP], [LOC_NOM]) VALUES (477, N'4987', N'La Gleize')
GO
INSERT [dbo].[LOC] ([LOC_ID], [LOC_CP], [LOC_NOM]) VALUES (478, N'4910', N'La Reid')
GO
INSERT [dbo].[LOC] ([LOC_ID], [LOC_CP], [LOC_NOM]) VALUES (479, N'6980', N'La Roche-En-Ardenne')
GO
INSERT [dbo].[LOC] ([LOC_ID], [LOC_CP], [LOC_NOM]) VALUES (480, N'6821', N'Lacuisine')
GO
INSERT [dbo].[LOC] ([LOC_ID], [LOC_CP], [LOC_NOM]) VALUES (481, N'5550', N'Laforêt')
GO
INSERT [dbo].[LOC] ([LOC_ID], [LOC_CP], [LOC_NOM]) VALUES (482, N'4800', N'Lambermont')
GO
INSERT [dbo].[LOC] ([LOC_ID], [LOC_CP], [LOC_NOM]) VALUES (483, N'4350', N'Lamine')
GO
INSERT [dbo].[LOC] ([LOC_ID], [LOC_CP], [LOC_NOM]) VALUES (484, N'4210', N'Lamontzée')
GO
INSERT [dbo].[LOC] ([LOC_ID], [LOC_CP], [LOC_NOM]) VALUES (485, N'6767', N'Lamorteau')
GO
INSERT [dbo].[LOC] ([LOC_ID], [LOC_CP], [LOC_NOM]) VALUES (486, N'4600', N'Lanaye')
GO
INSERT [dbo].[LOC] ([LOC_ID], [LOC_CP], [LOC_NOM]) VALUES (487, N'5300', N'Landenne')
GO
INSERT [dbo].[LOC] ([LOC_ID], [LOC_CP], [LOC_NOM]) VALUES (488, N'5651', N'Laneffe')
GO
INSERT [dbo].[LOC] ([LOC_ID], [LOC_CP], [LOC_NOM]) VALUES (489, N'4450', N'Lantin')
GO
INSERT [dbo].[LOC] ([LOC_ID], [LOC_CP], [LOC_NOM]) VALUES (490, N'4300', N'Lantremange')
GO
INSERT [dbo].[LOC] ([LOC_ID], [LOC_CP], [LOC_NOM]) VALUES (491, N'4261', N'Latinne')
GO
INSERT [dbo].[LOC] ([LOC_ID], [LOC_CP], [LOC_NOM]) VALUES (492, N'6761', N'Latour')
GO
INSERT [dbo].[LOC] ([LOC_ID], [LOC_CP], [LOC_NOM]) VALUES (493, N'6681', N'Lavacherie')
GO
INSERT [dbo].[LOC] ([LOC_ID], [LOC_CP], [LOC_NOM]) VALUES (494, N'5580', N'Lavaux-Sainte-Anne')
GO
INSERT [dbo].[LOC] ([LOC_ID], [LOC_CP], [LOC_NOM]) VALUES (495, N'4217', N'Lavoir')
GO
INSERT [dbo].[LOC] ([LOC_ID], [LOC_CP], [LOC_NOM]) VALUES (496, N'5670', N'Le Mesnil')
GO
INSERT [dbo].[LOC] ([LOC_ID], [LOC_CP], [LOC_NOM]) VALUES (497, N'5070', N'Le Roux')
GO
INSERT [dbo].[LOC] ([LOC_ID], [LOC_CP], [LOC_NOM]) VALUES (498, N'6860', N'Léglise')
GO
INSERT [dbo].[LOC] ([LOC_ID], [LOC_CP], [LOC_NOM]) VALUES (499, N'5590', N'Leignon')
GO
INSERT [dbo].[LOC] ([LOC_ID], [LOC_CP], [LOC_NOM]) VALUES (500, N'4280', N'Lens-Saint-Remy')
GO
INSERT [dbo].[LOC] ([LOC_ID], [LOC_CP], [LOC_NOM]) VALUES (501, N'4250', N'Lens-Saint-Servais')
GO
INSERT [dbo].[LOC] ([LOC_ID], [LOC_CP], [LOC_NOM]) VALUES (502, N'4360', N'Lens-Sur-Geer')
GO
INSERT [dbo].[LOC] ([LOC_ID], [LOC_CP], [LOC_NOM]) VALUES (503, N'4560', N'Les Avins')
GO
INSERT [dbo].[LOC] ([LOC_ID], [LOC_CP], [LOC_NOM]) VALUES (504, N'6811', N'Les Bulles')
GO
INSERT [dbo].[LOC] ([LOC_ID], [LOC_CP], [LOC_NOM]) VALUES (505, N'6830', N'Les Hayons')
GO
INSERT [dbo].[LOC] ([LOC_ID], [LOC_CP], [LOC_NOM]) VALUES (506, N'4317', N'Les Waleffes')
GO
INSERT [dbo].[LOC] ([LOC_ID], [LOC_CP], [LOC_NOM]) VALUES (507, N'5580', N'Lessive')
GO
INSERT [dbo].[LOC] ([LOC_ID], [LOC_CP], [LOC_NOM]) VALUES (508, N'6953', N'Lesterny')
GO
INSERT [dbo].[LOC] ([LOC_ID], [LOC_CP], [LOC_NOM]) VALUES (509, N'5170', N'Lesve')
GO
INSERT [dbo].[LOC] ([LOC_ID], [LOC_CP], [LOC_NOM]) VALUES (510, N'5310', N'Leuze')
GO
INSERT [dbo].[LOC] ([LOC_ID], [LOC_CP], [LOC_NOM]) VALUES (511, N'6890', N'Libin')
GO
INSERT [dbo].[LOC] ([LOC_ID], [LOC_CP], [LOC_NOM]) VALUES (512, N'6800', N'Libramont-Chevigny')
GO
INSERT [dbo].[LOC] ([LOC_ID], [LOC_CP], [LOC_NOM]) VALUES (513, N'4000', N'Liège')
GO
INSERT [dbo].[LOC] ([LOC_ID], [LOC_CP], [LOC_NOM]) VALUES (514, N'4020', N'Liège')
GO
INSERT [dbo].[LOC] ([LOC_ID], [LOC_CP], [LOC_NOM]) VALUES (515, N'4990', N'Lierneux')
GO
INSERT [dbo].[LOC] ([LOC_ID], [LOC_CP], [LOC_NOM]) VALUES (516, N'5310', N'Liernu')
GO
INSERT [dbo].[LOC] ([LOC_ID], [LOC_CP], [LOC_NOM]) VALUES (517, N'4042', N'Liers')
GO
INSERT [dbo].[LOC] ([LOC_ID], [LOC_CP], [LOC_NOM]) VALUES (518, N'4254', N'Ligney')
GO
INSERT [dbo].[LOC] ([LOC_ID], [LOC_CP], [LOC_NOM]) VALUES (519, N'5140', N'Ligny')
GO
INSERT [dbo].[LOC] ([LOC_ID], [LOC_CP], [LOC_NOM]) VALUES (520, N'4830', N'Limbourg')
GO
INSERT [dbo].[LOC] ([LOC_ID], [LOC_CP], [LOC_NOM]) VALUES (521, N'6670', N'Limerlé')
GO
INSERT [dbo].[LOC] ([LOC_ID], [LOC_CP], [LOC_NOM]) VALUES (522, N'4357', N'Limont')
GO
INSERT [dbo].[LOC] ([LOC_ID], [LOC_CP], [LOC_NOM]) VALUES (523, N'4287', N'Lincent')
GO
INSERT [dbo].[LOC] ([LOC_ID], [LOC_CP], [LOC_NOM]) VALUES (524, N'5501', N'Lisogne')
GO
INSERT [dbo].[LOC] ([LOC_ID], [LOC_CP], [LOC_NOM]) VALUES (525, N'5101', N'Lives-Sur-Meuse')
GO
INSERT [dbo].[LOC] ([LOC_ID], [LOC_CP], [LOC_NOM]) VALUES (526, N'4600', N'Lixhe')
GO
INSERT [dbo].[LOC] ([LOC_ID], [LOC_CP], [LOC_NOM]) VALUES (527, N'4783', N'Lommersweiler')
GO
INSERT [dbo].[LOC] ([LOC_ID], [LOC_CP], [LOC_NOM]) VALUES (528, N'6924', N'Lomprez')
GO
INSERT [dbo].[LOC] ([LOC_ID], [LOC_CP], [LOC_NOM]) VALUES (529, N'4431', N'Loncin')
GO
INSERT [dbo].[LOC] ([LOC_ID], [LOC_CP], [LOC_NOM]) VALUES (530, N'5310', N'Longchamps')
GO
INSERT [dbo].[LOC] ([LOC_ID], [LOC_CP], [LOC_NOM]) VALUES (531, N'6688', N'Longchamps')
GO
INSERT [dbo].[LOC] ([LOC_ID], [LOC_CP], [LOC_NOM]) VALUES (532, N'6840', N'Longlier')
GO
INSERT [dbo].[LOC] ([LOC_ID], [LOC_CP], [LOC_NOM]) VALUES (533, N'6600', N'Longvilly')
GO
INSERT [dbo].[LOC] ([LOC_ID], [LOC_CP], [LOC_NOM]) VALUES (534, N'4710', N'Lontzen')
GO
INSERT [dbo].[LOC] ([LOC_ID], [LOC_CP], [LOC_NOM]) VALUES (535, N'5030', N'Lonzée')
GO
INSERT [dbo].[LOC] ([LOC_ID], [LOC_CP], [LOC_NOM]) VALUES (536, N'4987', N'Lorcé')
GO
INSERT [dbo].[LOC] ([LOC_ID], [LOC_CP], [LOC_NOM]) VALUES (537, N'5575', N'Louette-Saint-Denis')
GO
INSERT [dbo].[LOC] ([LOC_ID], [LOC_CP], [LOC_NOM]) VALUES (538, N'5575', N'Louette-Saint-Pierre')
GO
INSERT [dbo].[LOC] ([LOC_ID], [LOC_CP], [LOC_NOM]) VALUES (539, N'4141', N'Louveigné')
GO
INSERT [dbo].[LOC] ([LOC_ID], [LOC_CP], [LOC_NOM]) VALUES (540, N'4920', N'Louveigné')
GO
INSERT [dbo].[LOC] ([LOC_ID], [LOC_CP], [LOC_NOM]) VALUES (541, N'5101', N'Loyers')
GO
INSERT [dbo].[LOC] ([LOC_ID], [LOC_CP], [LOC_NOM]) VALUES (542, N'5170', N'Lustin')
GO
INSERT [dbo].[LOC] ([LOC_ID], [LOC_CP], [LOC_NOM]) VALUES (543, N'6663', N'Mabompré')
GO
INSERT [dbo].[LOC] ([LOC_ID], [LOC_CP], [LOC_NOM]) VALUES (544, N'5374', N'Maffe')
GO
INSERT [dbo].[LOC] ([LOC_ID], [LOC_CP], [LOC_NOM]) VALUES (545, N'4623', N'Magnée')
GO
INSERT [dbo].[LOC] ([LOC_ID], [LOC_CP], [LOC_NOM]) VALUES (546, N'5330', N'Maillen')
GO
INSERT [dbo].[LOC] ([LOC_ID], [LOC_CP], [LOC_NOM]) VALUES (547, N'6852', N'Maissin')
GO
INSERT [dbo].[LOC] ([LOC_ID], [LOC_CP], [LOC_NOM]) VALUES (548, N'5300', N'Maizeret')
GO
INSERT [dbo].[LOC] ([LOC_ID], [LOC_CP], [LOC_NOM]) VALUES (549, N'6960', N'Malempré')
GO
INSERT [dbo].[LOC] ([LOC_ID], [LOC_CP], [LOC_NOM]) VALUES (550, N'4960', N'Malmedy')
GO
INSERT [dbo].[LOC] ([LOC_ID], [LOC_CP], [LOC_NOM]) VALUES (551, N'5020', N'Malonne')
GO
INSERT [dbo].[LOC] ([LOC_ID], [LOC_CP], [LOC_NOM]) VALUES (552, N'5575', N'Malvoisin')
GO
INSERT [dbo].[LOC] ([LOC_ID], [LOC_CP], [LOC_NOM]) VALUES (553, N'4760', N'Manderfeld')
GO
INSERT [dbo].[LOC] ([LOC_ID], [LOC_CP], [LOC_NOM]) VALUES (554, N'6900', N'Marche-En-Famenne')
GO
INSERT [dbo].[LOC] ([LOC_ID], [LOC_CP], [LOC_NOM]) VALUES (555, N'5024', N'Marche-Les-Dames')
GO
INSERT [dbo].[LOC] ([LOC_ID], [LOC_CP], [LOC_NOM]) VALUES (556, N'4570', N'Marchin')
GO
INSERT [dbo].[LOC] ([LOC_ID], [LOC_CP], [LOC_NOM]) VALUES (557, N'5380', N'Marchovelette')
GO
INSERT [dbo].[LOC] ([LOC_ID], [LOC_CP], [LOC_NOM]) VALUES (558, N'6987', N'Marcourt')
GO
INSERT [dbo].[LOC] ([LOC_ID], [LOC_CP], [LOC_NOM]) VALUES (559, N'6990', N'Marenne')
GO
INSERT [dbo].[LOC] ([LOC_ID], [LOC_CP], [LOC_NOM]) VALUES (560, N'5660', N'Mariembourg')
GO
INSERT [dbo].[LOC] ([LOC_ID], [LOC_CP], [LOC_NOM]) VALUES (561, N'4210', N'Marneffe')
GO
INSERT [dbo].[LOC] ([LOC_ID], [LOC_CP], [LOC_NOM]) VALUES (562, N'6630', N'Martelange')
GO
INSERT [dbo].[LOC] ([LOC_ID], [LOC_CP], [LOC_NOM]) VALUES (563, N'5573', N'Martouzin-Neuville')
GO
INSERT [dbo].[LOC] ([LOC_ID], [LOC_CP], [LOC_NOM]) VALUES (564, N'6953', N'Masbourg')
GO
INSERT [dbo].[LOC] ([LOC_ID], [LOC_CP], [LOC_NOM]) VALUES (565, N'5680', N'Matagne-La-Grande')
GO
INSERT [dbo].[LOC] ([LOC_ID], [LOC_CP], [LOC_NOM]) VALUES (566, N'5680', N'Matagne-La-Petite')
GO
INSERT [dbo].[LOC] ([LOC_ID], [LOC_CP], [LOC_NOM]) VALUES (567, N'5670', N'Mazée')
GO
INSERT [dbo].[LOC] ([LOC_ID], [LOC_CP], [LOC_NOM]) VALUES (568, N'5032', N'Mazy')
GO
INSERT [dbo].[LOC] ([LOC_ID], [LOC_CP], [LOC_NOM]) VALUES (569, N'5372', N'Méan')
GO
INSERT [dbo].[LOC] ([LOC_ID], [LOC_CP], [LOC_NOM]) VALUES (570, N'4219', N'Meeffe')
GO
INSERT [dbo].[LOC] ([LOC_ID], [LOC_CP], [LOC_NOM]) VALUES (571, N'5310', N'Mehaigne')
GO
INSERT [dbo].[LOC] ([LOC_ID], [LOC_CP], [LOC_NOM]) VALUES (572, N'6769', N'Meix-Devant-Virton')
GO
INSERT [dbo].[LOC] ([LOC_ID], [LOC_CP], [LOC_NOM]) VALUES (573, N'6747', N'Meix-Le-Tige')
GO
INSERT [dbo].[LOC] ([LOC_ID], [LOC_CP], [LOC_NOM]) VALUES (574, N'4633', N'Melen')
GO
INSERT [dbo].[LOC] ([LOC_ID], [LOC_CP], [LOC_NOM]) VALUES (575, N'6860', N'Mellier')
GO
INSERT [dbo].[LOC] ([LOC_ID], [LOC_CP], [LOC_NOM]) VALUES (576, N'4837', N'Membach')
GO
INSERT [dbo].[LOC] ([LOC_ID], [LOC_CP], [LOC_NOM]) VALUES (577, N'5550', N'Membre')
GO
INSERT [dbo].[LOC] ([LOC_ID], [LOC_CP], [LOC_NOM]) VALUES (578, N'4280', N'Merdorp')
GO
INSERT [dbo].[LOC] ([LOC_ID], [LOC_CP], [LOC_NOM]) VALUES (579, N'5600', N'Merlemont')
GO
INSERT [dbo].[LOC] ([LOC_ID], [LOC_CP], [LOC_NOM]) VALUES (580, N'5560', N'Mesnil-Eglise')
GO
INSERT [dbo].[LOC] ([LOC_ID], [LOC_CP], [LOC_NOM]) VALUES (581, N'5560', N'Mesnil-Saint-Blaise')
GO
INSERT [dbo].[LOC] ([LOC_ID], [LOC_CP], [LOC_NOM]) VALUES (582, N'6780', N'Messancy')
GO
INSERT [dbo].[LOC] ([LOC_ID], [LOC_CP], [LOC_NOM]) VALUES (583, N'5640', N'Mettet')
GO
INSERT [dbo].[LOC] ([LOC_ID], [LOC_CP], [LOC_NOM]) VALUES (584, N'5081', N'Meux')
GO
INSERT [dbo].[LOC] ([LOC_ID], [LOC_CP], [LOC_NOM]) VALUES (585, N'4770', N'Meyerode')
GO
INSERT [dbo].[LOC] ([LOC_ID], [LOC_CP], [LOC_NOM]) VALUES (586, N'4630', N'Micheroux')
GO
INSERT [dbo].[LOC] ([LOC_ID], [LOC_CP], [LOC_NOM]) VALUES (587, N'5376', N'Miécret')
GO
INSERT [dbo].[LOC] ([LOC_ID], [LOC_CP], [LOC_NOM]) VALUES (588, N'4041', N'Milmort')
GO
INSERT [dbo].[LOC] ([LOC_ID], [LOC_CP], [LOC_NOM]) VALUES (589, N'6870', N'Mirwart')
GO
INSERT [dbo].[LOC] ([LOC_ID], [LOC_CP], [LOC_NOM]) VALUES (590, N'4577', N'Modave')
GO
INSERT [dbo].[LOC] ([LOC_ID], [LOC_CP], [LOC_NOM]) VALUES (591, N'4520', N'Moha')
GO
INSERT [dbo].[LOC] ([LOC_ID], [LOC_CP], [LOC_NOM]) VALUES (592, N'5361', N'Mohiville')
GO
INSERT [dbo].[LOC] ([LOC_ID], [LOC_CP], [LOC_NOM]) VALUES (593, N'5060', N'Moignelée')
GO
INSERT [dbo].[LOC] ([LOC_ID], [LOC_CP], [LOC_NOM]) VALUES (594, N'6800', N'Moircy')
GO
INSERT [dbo].[LOC] ([LOC_ID], [LOC_CP], [LOC_NOM]) VALUES (595, N'4350', N'Momalle')
GO
INSERT [dbo].[LOC] ([LOC_ID], [LOC_CP], [LOC_NOM]) VALUES (596, N'5555', N'Monceau-En-Ardenne')
GO
INSERT [dbo].[LOC] ([LOC_ID], [LOC_CP], [LOC_NOM]) VALUES (597, N'4400', N'Mons-Lez-Liège')
GO
INSERT [dbo].[LOC] ([LOC_ID], [LOC_CP], [LOC_NOM]) VALUES (598, N'5530', N'Mont')
GO
INSERT [dbo].[LOC] ([LOC_ID], [LOC_CP], [LOC_NOM]) VALUES (599, N'6661', N'Mont')
GO
INSERT [dbo].[LOC] ([LOC_ID], [LOC_CP], [LOC_NOM]) VALUES (600, N'5580', N'Mont-Gauthier')
GO
INSERT [dbo].[LOC] ([LOC_ID], [LOC_CP], [LOC_NOM]) VALUES (601, N'4420', N'Montegnée')
GO
INSERT [dbo].[LOC] ([LOC_ID], [LOC_CP], [LOC_NOM]) VALUES (602, N'6674', N'Montleban')
GO
INSERT [dbo].[LOC] ([LOC_ID], [LOC_CP], [LOC_NOM]) VALUES (603, N'4850', N'Montzen')
GO
INSERT [dbo].[LOC] ([LOC_ID], [LOC_CP], [LOC_NOM]) VALUES (604, N'4850', N'Moresnet')
GO
INSERT [dbo].[LOC] ([LOC_ID], [LOC_CP], [LOC_NOM]) VALUES (605, N'6640', N'Morhet')
GO
INSERT [dbo].[LOC] ([LOC_ID], [LOC_CP], [LOC_NOM]) VALUES (606, N'5621', N'Morialmé')
GO
INSERT [dbo].[LOC] ([LOC_ID], [LOC_CP], [LOC_NOM]) VALUES (607, N'6997', N'Mormont')
GO
INSERT [dbo].[LOC] ([LOC_ID], [LOC_CP], [LOC_NOM]) VALUES (608, N'5190', N'Mornimont')
GO
INSERT [dbo].[LOC] ([LOC_ID], [LOC_CP], [LOC_NOM]) VALUES (609, N'4670', N'Mortier')
GO
INSERT [dbo].[LOC] ([LOC_ID], [LOC_CP], [LOC_NOM]) VALUES (610, N'4607', N'Mortroux')
GO
INSERT [dbo].[LOC] ([LOC_ID], [LOC_CP], [LOC_NOM]) VALUES (611, N'5620', N'Morville')
GO
INSERT [dbo].[LOC] ([LOC_ID], [LOC_CP], [LOC_NOM]) VALUES (612, N'5190', N'Moustier-Sur-Sambre')
GO
INSERT [dbo].[LOC] ([LOC_ID], [LOC_CP], [LOC_NOM]) VALUES (613, N'5550', N'Mouzaive')
GO
INSERT [dbo].[LOC] ([LOC_ID], [LOC_CP], [LOC_NOM]) VALUES (614, N'4280', N'Moxhe')
GO
INSERT [dbo].[LOC] ([LOC_ID], [LOC_CP], [LOC_NOM]) VALUES (615, N'5340', N'Mozet')
GO
INSERT [dbo].[LOC] ([LOC_ID], [LOC_CP], [LOC_NOM]) VALUES (616, N'6820', N'Muno')
GO
INSERT [dbo].[LOC] ([LOC_ID], [LOC_CP], [LOC_NOM]) VALUES (617, N'6750', N'Musson')
GO
INSERT [dbo].[LOC] ([LOC_ID], [LOC_CP], [LOC_NOM]) VALUES (618, N'6750', N'Mussy-La-Ville')
GO
INSERT [dbo].[LOC] ([LOC_ID], [LOC_CP], [LOC_NOM]) VALUES (619, N'4190', N'My')
GO
INSERT [dbo].[LOC] ([LOC_ID], [LOC_CP], [LOC_NOM]) VALUES (620, N'6660', N'Nadrin')
GO
INSERT [dbo].[LOC] ([LOC_ID], [LOC_CP], [LOC_NOM]) VALUES (621, N'5550', N'Nafraiture')
GO
INSERT [dbo].[LOC] ([LOC_ID], [LOC_CP], [LOC_NOM]) VALUES (622, N'5300', N'Namêche')
GO
INSERT [dbo].[LOC] ([LOC_ID], [LOC_CP], [LOC_NOM]) VALUES (623, N'5000', N'Namur')
GO
INSERT [dbo].[LOC] ([LOC_ID], [LOC_CP], [LOC_NOM]) VALUES (624, N'4550', N'Nandrin')
GO
INSERT [dbo].[LOC] ([LOC_ID], [LOC_CP], [LOC_NOM]) VALUES (625, N'5100', N'Naninne')
GO
INSERT [dbo].[LOC] ([LOC_ID], [LOC_CP], [LOC_NOM]) VALUES (626, N'5555', N'Naomé')
GO
INSERT [dbo].[LOC] ([LOC_ID], [LOC_CP], [LOC_NOM]) VALUES (627, N'6950', N'Nassogne')
GO
INSERT [dbo].[LOC] ([LOC_ID], [LOC_CP], [LOC_NOM]) VALUES (628, N'5360', N'Natoye')
GO
INSERT [dbo].[LOC] ([LOC_ID], [LOC_CP], [LOC_NOM]) VALUES (629, N'4870', N'Nessonvaux')
GO
INSERT [dbo].[LOC] ([LOC_ID], [LOC_CP], [LOC_NOM]) VALUES (630, N'5377', N'Nettinne')
GO
INSERT [dbo].[LOC] ([LOC_ID], [LOC_CP], [LOC_NOM]) VALUES (631, N'4721', N'Neu-Moresnet')
GO
INSERT [dbo].[LOC] ([LOC_ID], [LOC_CP], [LOC_NOM]) VALUES (632, N'4608', N'Neufchâteau')
GO
INSERT [dbo].[LOC] ([LOC_ID], [LOC_CP], [LOC_NOM]) VALUES (633, N'6840', N'Neufchâteau')
GO
INSERT [dbo].[LOC] ([LOC_ID], [LOC_CP], [LOC_NOM]) VALUES (634, N'5600', N'Neuville')
GO
INSERT [dbo].[LOC] ([LOC_ID], [LOC_CP], [LOC_NOM]) VALUES (635, N'4121', N'Neuville-En-Condroz')
GO
INSERT [dbo].[LOC] ([LOC_ID], [LOC_CP], [LOC_NOM]) VALUES (636, N'5670', N'Nismes')
GO
INSERT [dbo].[LOC] ([LOC_ID], [LOC_CP], [LOC_NOM]) VALUES (637, N'5680', N'Niverlée')
GO
INSERT [dbo].[LOC] ([LOC_ID], [LOC_CP], [LOC_NOM]) VALUES (638, N'6640', N'Nives')
GO
INSERT [dbo].[LOC] ([LOC_ID], [LOC_CP], [LOC_NOM]) VALUES (639, N'6717', N'Nobressart')
GO
INSERT [dbo].[LOC] ([LOC_ID], [LOC_CP], [LOC_NOM]) VALUES (640, N'6831', N'Noirfontaine')
GO
INSERT [dbo].[LOC] ([LOC_ID], [LOC_CP], [LOC_NOM]) VALUES (641, N'5377', N'Noiseux')
GO
INSERT [dbo].[LOC] ([LOC_ID], [LOC_CP], [LOC_NOM]) VALUES (642, N'6851', N'Nollevaux')
GO
INSERT [dbo].[LOC] ([LOC_ID], [LOC_CP], [LOC_NOM]) VALUES (643, N'6717', N'Nothomb')
GO
INSERT [dbo].[LOC] ([LOC_ID], [LOC_CP], [LOC_NOM]) VALUES (644, N'4347', N'Noville')
GO
INSERT [dbo].[LOC] ([LOC_ID], [LOC_CP], [LOC_NOM]) VALUES (645, N'6600', N'Noville')
GO
INSERT [dbo].[LOC] ([LOC_ID], [LOC_CP], [LOC_NOM]) VALUES (646, N'5380', N'Noville-Les-Bois')
GO
INSERT [dbo].[LOC] ([LOC_ID], [LOC_CP], [LOC_NOM]) VALUES (647, N'5310', N'Noville-Sur-Mehaigne')
GO
INSERT [dbo].[LOC] ([LOC_ID], [LOC_CP], [LOC_NOM]) VALUES (648, N'6890', N'Ochamps')
GO
INSERT [dbo].[LOC] ([LOC_ID], [LOC_CP], [LOC_NOM]) VALUES (649, N'4560', N'Ocquier')
GO
INSERT [dbo].[LOC] ([LOC_ID], [LOC_CP], [LOC_NOM]) VALUES (650, N'6960', N'Odeigne')
GO
INSERT [dbo].[LOC] ([LOC_ID], [LOC_CP], [LOC_NOM]) VALUES (651, N'4367', N'Odeur')
GO
INSERT [dbo].[LOC] ([LOC_ID], [LOC_CP], [LOC_NOM]) VALUES (652, N'6850', N'Offagne')
GO
INSERT [dbo].[LOC] ([LOC_ID], [LOC_CP], [LOC_NOM]) VALUES (653, N'5350', N'Ohey')
GO
INSERT [dbo].[LOC] ([LOC_ID], [LOC_CP], [LOC_NOM]) VALUES (654, N'5670', N'Oignies-En-Thiérache')
GO
INSERT [dbo].[LOC] ([LOC_ID], [LOC_CP], [LOC_NOM]) VALUES (655, N'5555', N'Oizy')
GO
INSERT [dbo].[LOC] ([LOC_ID], [LOC_CP], [LOC_NOM]) VALUES (656, N'4300', N'Oleye')
GO
INSERT [dbo].[LOC] ([LOC_ID], [LOC_CP], [LOC_NOM]) VALUES (657, N'5670', N'Olloy-Sur-Viroin')
GO
INSERT [dbo].[LOC] ([LOC_ID], [LOC_CP], [LOC_NOM]) VALUES (658, N'4877', N'Olne')
GO
INSERT [dbo].[LOC] ([LOC_ID], [LOC_CP], [LOC_NOM]) VALUES (659, N'4252', N'Omal')
GO
INSERT [dbo].[LOC] ([LOC_ID], [LOC_CP], [LOC_NOM]) VALUES (660, N'4540', N'Ombret')
GO
INSERT [dbo].[LOC] ([LOC_ID], [LOC_CP], [LOC_NOM]) VALUES (661, N'5600', N'Omezée')
GO
INSERT [dbo].[LOC] ([LOC_ID], [LOC_CP], [LOC_NOM]) VALUES (662, N'6900', N'On')
GO
INSERT [dbo].[LOC] ([LOC_ID], [LOC_CP], [LOC_NOM]) VALUES (663, N'5520', N'Onhaye')
GO
INSERT [dbo].[LOC] ([LOC_ID], [LOC_CP], [LOC_NOM]) VALUES (664, N'5190', N'Onoz')
GO
INSERT [dbo].[LOC] ([LOC_ID], [LOC_CP], [LOC_NOM]) VALUES (665, N'6852', N'Opont')
GO
INSERT [dbo].[LOC] ([LOC_ID], [LOC_CP], [LOC_NOM]) VALUES (666, N'5550', N'Orchimont')
GO
INSERT [dbo].[LOC] ([LOC_ID], [LOC_CP], [LOC_NOM]) VALUES (667, N'5640', N'Oret')
GO
INSERT [dbo].[LOC] ([LOC_ID], [LOC_CP], [LOC_NOM]) VALUES (668, N'4360', N'Oreye')
GO
INSERT [dbo].[LOC] ([LOC_ID], [LOC_CP], [LOC_NOM]) VALUES (669, N'6880', N'Orgeo')
GO
INSERT [dbo].[LOC] ([LOC_ID], [LOC_CP], [LOC_NOM]) VALUES (670, N'6983', N'Ortho')
GO
INSERT [dbo].[LOC] ([LOC_ID], [LOC_CP], [LOC_NOM]) VALUES (671, N'4210', N'Oteppe')
GO
INSERT [dbo].[LOC] ([LOC_ID], [LOC_CP], [LOC_NOM]) VALUES (672, N'4340', N'Othée')
GO
INSERT [dbo].[LOC] ([LOC_ID], [LOC_CP], [LOC_NOM]) VALUES (673, N'4360', N'Otrange')
GO
INSERT [dbo].[LOC] ([LOC_ID], [LOC_CP], [LOC_NOM]) VALUES (674, N'4590', N'Ouffet')
GO
INSERT [dbo].[LOC] ([LOC_ID], [LOC_CP], [LOC_NOM]) VALUES (675, N'4102', N'Ougrée')
GO
INSERT [dbo].[LOC] ([LOC_ID], [LOC_CP], [LOC_NOM]) VALUES (676, N'4680', N'Oupeye')
GO
INSERT [dbo].[LOC] ([LOC_ID], [LOC_CP], [LOC_NOM]) VALUES (677, N'4577', N'Outrelouxhe')
GO
INSERT [dbo].[LOC] ([LOC_ID], [LOC_CP], [LOC_NOM]) VALUES (678, N'4452', N'Paifve')
GO
INSERT [dbo].[LOC] ([LOC_ID], [LOC_CP], [LOC_NOM]) VALUES (679, N'4560', N'Pailhe')
GO
INSERT [dbo].[LOC] ([LOC_ID], [LOC_CP], [LOC_NOM]) VALUES (680, N'6850', N'Paliseul')
GO
INSERT [dbo].[LOC] ([LOC_ID], [LOC_CP], [LOC_NOM]) VALUES (681, N'5575', N'Patignies')
GO
INSERT [dbo].[LOC] ([LOC_ID], [LOC_CP], [LOC_NOM]) VALUES (682, N'4287', N'Pellaines')
GO
INSERT [dbo].[LOC] ([LOC_ID], [LOC_CP], [LOC_NOM]) VALUES (683, N'4860', N'Pepinster')
GO
INSERT [dbo].[LOC] ([LOC_ID], [LOC_CP], [LOC_NOM]) VALUES (684, N'5352', N'Perwez-Haillot')
GO
INSERT [dbo].[LOC] ([LOC_ID], [LOC_CP], [LOC_NOM]) VALUES (685, N'5660', N'Pesche')
GO
INSERT [dbo].[LOC] ([LOC_ID], [LOC_CP], [LOC_NOM]) VALUES (686, N'5590', N'Pessoux')
GO
INSERT [dbo].[LOC] ([LOC_ID], [LOC_CP], [LOC_NOM]) VALUES (687, N'5660', N'Pétigny')
GO
INSERT [dbo].[LOC] ([LOC_ID], [LOC_CP], [LOC_NOM]) VALUES (688, N'5555', N'Petit-Fays')
GO
INSERT [dbo].[LOC] ([LOC_ID], [LOC_CP], [LOC_NOM]) VALUES (689, N'4280', N'Petit-Hallet')
GO
INSERT [dbo].[LOC] ([LOC_ID], [LOC_CP], [LOC_NOM]) VALUES (690, N'4800', N'Petit-Rechain')
GO
INSERT [dbo].[LOC] ([LOC_ID], [LOC_CP], [LOC_NOM]) VALUES (691, N'6692', N'Petit-Thier')
GO
INSERT [dbo].[LOC] ([LOC_ID], [LOC_CP], [LOC_NOM]) VALUES (692, N'5660', N'Petite-Chapelle')
GO
INSERT [dbo].[LOC] ([LOC_ID], [LOC_CP], [LOC_NOM]) VALUES (693, N'5600', N'Philippeville')
GO
INSERT [dbo].[LOC] ([LOC_ID], [LOC_CP], [LOC_NOM]) VALUES (694, N'4122', N'Plainevaux')
GO
INSERT [dbo].[LOC] ([LOC_ID], [LOC_CP], [LOC_NOM]) VALUES (695, N'4800', N'Polleur')
GO
INSERT [dbo].[LOC] ([LOC_ID], [LOC_CP], [LOC_NOM]) VALUES (696, N'4910', N'Polleur')
GO
INSERT [dbo].[LOC] ([LOC_ID], [LOC_CP], [LOC_NOM]) VALUES (697, N'5574', N'Pondrôme')
GO
INSERT [dbo].[LOC] ([LOC_ID], [LOC_CP], [LOC_NOM]) VALUES (698, N'5380', N'Pontillas')
GO
INSERT [dbo].[LOC] ([LOC_ID], [LOC_CP], [LOC_NOM]) VALUES (699, N'5370', N'Porcheresse')
GO
INSERT [dbo].[LOC] ([LOC_ID], [LOC_CP], [LOC_NOM]) VALUES (700, N'6929', N'Porcheresse')
GO
INSERT [dbo].[LOC] ([LOC_ID], [LOC_CP], [LOC_NOM]) VALUES (701, N'4280', N'Poucet')
GO
INSERT [dbo].[LOC] ([LOC_ID], [LOC_CP], [LOC_NOM]) VALUES (702, N'4171', N'Poulseur')
GO
INSERT [dbo].[LOC] ([LOC_ID], [LOC_CP], [LOC_NOM]) VALUES (703, N'6830', N'Poupehan')
GO
INSERT [dbo].[LOC] ([LOC_ID], [LOC_CP], [LOC_NOM]) VALUES (704, N'4350', N'Pousset')
GO
INSERT [dbo].[LOC] ([LOC_ID], [LOC_CP], [LOC_NOM]) VALUES (705, N'5660', N'Presgaux')
GO
INSERT [dbo].[LOC] ([LOC_ID], [LOC_CP], [LOC_NOM]) VALUES (706, N'5170', N'Profondeville')
GO
INSERT [dbo].[LOC] ([LOC_ID], [LOC_CP], [LOC_NOM]) VALUES (707, N'5650', N'Pry')
GO
INSERT [dbo].[LOC] ([LOC_ID], [LOC_CP], [LOC_NOM]) VALUES (708, N'5530', N'Purnode')
GO
INSERT [dbo].[LOC] ([LOC_ID], [LOC_CP], [LOC_NOM]) VALUES (709, N'5550', N'Pussemange')
GO
INSERT [dbo].[LOC] ([LOC_ID], [LOC_CP], [LOC_NOM]) VALUES (710, N'4610', N'Queue-Du-Bois')
GO
INSERT [dbo].[LOC] ([LOC_ID], [LOC_CP], [LOC_NOM]) VALUES (711, N'6792', N'Rachecourt')
GO
INSERT [dbo].[LOC] ([LOC_ID], [LOC_CP], [LOC_NOM]) VALUES (712, N'4287', N'Racour')
GO
INSERT [dbo].[LOC] ([LOC_ID], [LOC_CP], [LOC_NOM]) VALUES (713, N'4730', N'Raeren')
GO
INSERT [dbo].[LOC] ([LOC_ID], [LOC_CP], [LOC_NOM]) VALUES (714, N'4987', N'Rahier')
GO
INSERT [dbo].[LOC] ([LOC_ID], [LOC_CP], [LOC_NOM]) VALUES (715, N'4557', N'Ramelot')
GO
INSERT [dbo].[LOC] ([LOC_ID], [LOC_CP], [LOC_NOM]) VALUES (716, N'4780', N'Recht')
GO
INSERT [dbo].[LOC] ([LOC_ID], [LOC_CP], [LOC_NOM]) VALUES (717, N'6800', N'Recogne')
GO
INSERT [dbo].[LOC] ([LOC_ID], [LOC_CP], [LOC_NOM]) VALUES (718, N'6890', N'Redu')
GO
INSERT [dbo].[LOC] ([LOC_ID], [LOC_CP], [LOC_NOM]) VALUES (719, N'6800', N'Remagne')
GO
INSERT [dbo].[LOC] ([LOC_ID], [LOC_CP], [LOC_NOM]) VALUES (720, N'4350', N'Remicourt')
GO
INSERT [dbo].[LOC] ([LOC_ID], [LOC_CP], [LOC_NOM]) VALUES (721, N'6987', N'Rendeux')
GO
INSERT [dbo].[LOC] ([LOC_ID], [LOC_CP], [LOC_NOM]) VALUES (722, N'6927', N'Resteigne')
GO
INSERT [dbo].[LOC] ([LOC_ID], [LOC_CP], [LOC_NOM]) VALUES (723, N'4621', N'Retinne')
GO
INSERT [dbo].[LOC] ([LOC_ID], [LOC_CP], [LOC_NOM]) VALUES (724, N'4790', N'Reuland')
GO
INSERT [dbo].[LOC] ([LOC_ID], [LOC_CP], [LOC_NOM]) VALUES (725, N'5080', N'Rhisnes')
GO
INSERT [dbo].[LOC] ([LOC_ID], [LOC_CP], [LOC_NOM]) VALUES (726, N'4600', N'Richelle')
GO
INSERT [dbo].[LOC] ([LOC_ID], [LOC_CP], [LOC_NOM]) VALUES (727, N'5575', N'Rienne')
GO
INSERT [dbo].[LOC] ([LOC_ID], [LOC_CP], [LOC_NOM]) VALUES (728, N'5170', N'Rivière')
GO
INSERT [dbo].[LOC] ([LOC_ID], [LOC_CP], [LOC_NOM]) VALUES (729, N'6769', N'Robelmont')
GO
INSERT [dbo].[LOC] ([LOC_ID], [LOC_CP], [LOC_NOM]) VALUES (730, N'4950', N'Robertville')
GO
INSERT [dbo].[LOC] ([LOC_ID], [LOC_CP], [LOC_NOM]) VALUES (731, N'5580', N'Rochefort')
GO
INSERT [dbo].[LOC] ([LOC_ID], [LOC_CP], [LOC_NOM]) VALUES (732, N'6830', N'Rochehaut')
GO
INSERT [dbo].[LOC] ([LOC_ID], [LOC_CP], [LOC_NOM]) VALUES (733, N'4761', N'Rocherath')
GO
INSERT [dbo].[LOC] ([LOC_ID], [LOC_CP], [LOC_NOM]) VALUES (734, N'4690', N'Roclenge-Sur-Geer')
GO
INSERT [dbo].[LOC] ([LOC_ID], [LOC_CP], [LOC_NOM]) VALUES (735, N'4000', N'Rocourt')
GO
INSERT [dbo].[LOC] ([LOC_ID], [LOC_CP], [LOC_NOM]) VALUES (736, N'5651', N'Rognée')
GO
INSERT [dbo].[LOC] ([LOC_ID], [LOC_CP], [LOC_NOM]) VALUES (737, N'4347', N'Roloux')
GO
INSERT [dbo].[LOC] ([LOC_ID], [LOC_CP], [LOC_NOM]) VALUES (738, N'5600', N'Roly')
GO
INSERT [dbo].[LOC] ([LOC_ID], [LOC_CP], [LOC_NOM]) VALUES (739, N'5600', N'Romedenne')
GO
INSERT [dbo].[LOC] ([LOC_ID], [LOC_CP], [LOC_NOM]) VALUES (740, N'5680', N'Romerée')
GO
INSERT [dbo].[LOC] ([LOC_ID], [LOC_CP], [LOC_NOM]) VALUES (741, N'4624', N'Romsée')
GO
INSERT [dbo].[LOC] ([LOC_ID], [LOC_CP], [LOC_NOM]) VALUES (742, N'5620', N'Rosée')
GO
INSERT [dbo].[LOC] ([LOC_ID], [LOC_CP], [LOC_NOM]) VALUES (743, N'4257', N'Rosoux-Crenwick')
GO
INSERT [dbo].[LOC] ([LOC_ID], [LOC_CP], [LOC_NOM]) VALUES (744, N'6730', N'Rossignol')
GO
INSERT [dbo].[LOC] ([LOC_ID], [LOC_CP], [LOC_NOM]) VALUES (745, N'4120', N'Rotheux-Rimière')
GO
INSERT [dbo].[LOC] ([LOC_ID], [LOC_CP], [LOC_NOM]) VALUES (746, N'4140', N'Rouvreux')
GO
INSERT [dbo].[LOC] ([LOC_ID], [LOC_CP], [LOC_NOM]) VALUES (747, N'6900', N'Roy')
GO
INSERT [dbo].[LOC] ([LOC_ID], [LOC_CP], [LOC_NOM]) VALUES (748, N'6760', N'Ruette')
GO
INSERT [dbo].[LOC] ([LOC_ID], [LOC_CP], [LOC_NOM]) VALUES (749, N'6724', N'Rulles')
GO
INSERT [dbo].[LOC] ([LOC_ID], [LOC_CP], [LOC_NOM]) VALUES (750, N'4606', N'Saint-André')
GO
INSERT [dbo].[LOC] ([LOC_ID], [LOC_CP], [LOC_NOM]) VALUES (751, N'5620', N'Saint-Aubin')
GO
INSERT [dbo].[LOC] ([LOC_ID], [LOC_CP], [LOC_NOM]) VALUES (752, N'5081', N'Saint-Denis-Bovesse')
GO
INSERT [dbo].[LOC] ([LOC_ID], [LOC_CP], [LOC_NOM]) VALUES (753, N'4470', N'Saint-Georges-Sur-Meuse')
GO
INSERT [dbo].[LOC] ([LOC_ID], [LOC_CP], [LOC_NOM]) VALUES (754, N'5640', N'Saint-Gérard')
GO
INSERT [dbo].[LOC] ([LOC_ID], [LOC_CP], [LOC_NOM]) VALUES (755, N'5310', N'Saint-Germain')
GO
INSERT [dbo].[LOC] ([LOC_ID], [LOC_CP], [LOC_NOM]) VALUES (756, N'6870', N'Saint-Hubert')
GO
INSERT [dbo].[LOC] ([LOC_ID], [LOC_CP], [LOC_NOM]) VALUES (757, N'6747', N'Saint-Léger')
GO
INSERT [dbo].[LOC] ([LOC_ID], [LOC_CP], [LOC_NOM]) VALUES (758, N'5003', N'Saint-Marc')
GO
INSERT [dbo].[LOC] ([LOC_ID], [LOC_CP], [LOC_NOM]) VALUES (759, N'6762', N'Saint-Mard')
GO
INSERT [dbo].[LOC] ([LOC_ID], [LOC_CP], [LOC_NOM]) VALUES (760, N'5190', N'Saint-Martin')
GO
INSERT [dbo].[LOC] ([LOC_ID], [LOC_CP], [LOC_NOM]) VALUES (761, N'6887', N'Saint-Médard')
GO
INSERT [dbo].[LOC] ([LOC_ID], [LOC_CP], [LOC_NOM]) VALUES (762, N'4420', N'Saint-Nicolas')
GO
INSERT [dbo].[LOC] ([LOC_ID], [LOC_CP], [LOC_NOM]) VALUES (763, N'6800', N'Saint-Pierre')
GO
INSERT [dbo].[LOC] ([LOC_ID], [LOC_CP], [LOC_NOM]) VALUES (764, N'4672', N'Saint-Remy')
GO
INSERT [dbo].[LOC] ([LOC_ID], [LOC_CP], [LOC_NOM]) VALUES (765, N'5002', N'Saint-Servais')
GO
INSERT [dbo].[LOC] ([LOC_ID], [LOC_CP], [LOC_NOM]) VALUES (766, N'4550', N'Saint-Séverin')
GO
INSERT [dbo].[LOC] ([LOC_ID], [LOC_CP], [LOC_NOM]) VALUES (767, N'6730', N'Saint-Vincent')
GO
INSERT [dbo].[LOC] ([LOC_ID], [LOC_CP], [LOC_NOM]) VALUES (768, N'4780', N'Saint-Vith')
GO
INSERT [dbo].[LOC] ([LOC_ID], [LOC_CP], [LOC_NOM]) VALUES (769, N'6820', N'Sainte-Cécile')
GO
INSERT [dbo].[LOC] ([LOC_ID], [LOC_CP], [LOC_NOM]) VALUES (770, N'6800', N'Sainte-Marie-Chevigny')
GO
INSERT [dbo].[LOC] ([LOC_ID], [LOC_CP], [LOC_NOM]) VALUES (771, N'6740', N'Sainte-Marie-Sur-Semois')
GO
INSERT [dbo].[LOC] ([LOC_ID], [LOC_CP], [LOC_NOM]) VALUES (772, N'4671', N'Saive')
GO
INSERT [dbo].[LOC] ([LOC_ID], [LOC_CP], [LOC_NOM]) VALUES (773, N'5600', N'Samart')
GO
INSERT [dbo].[LOC] ([LOC_ID], [LOC_CP], [LOC_NOM]) VALUES (774, N'6982', N'Samrée')
GO
INSERT [dbo].[LOC] ([LOC_ID], [LOC_CP], [LOC_NOM]) VALUES (775, N'5330', N'Sart-Bernard')
GO
INSERT [dbo].[LOC] ([LOC_ID], [LOC_CP], [LOC_NOM]) VALUES (776, N'5575', N'Sart-Custinne')
GO
INSERT [dbo].[LOC] ([LOC_ID], [LOC_CP], [LOC_NOM]) VALUES (777, N'5600', N'Sart-En-Fagne')
GO
INSERT [dbo].[LOC] ([LOC_ID], [LOC_CP], [LOC_NOM]) VALUES (778, N'5070', N'Sart-Eustache')
GO
INSERT [dbo].[LOC] ([LOC_ID], [LOC_CP], [LOC_NOM]) VALUES (779, N'4845', N'Sart-Lez-Spa')
GO
INSERT [dbo].[LOC] ([LOC_ID], [LOC_CP], [LOC_NOM]) VALUES (780, N'5070', N'Sart-Saint-Laurent')
GO
INSERT [dbo].[LOC] ([LOC_ID], [LOC_CP], [LOC_NOM]) VALUES (781, N'5600', N'Sautour')
GO
INSERT [dbo].[LOC] ([LOC_ID], [LOC_CP], [LOC_NOM]) VALUES (782, N'5030', N'Sauvenière')
GO
INSERT [dbo].[LOC] ([LOC_ID], [LOC_CP], [LOC_NOM]) VALUES (783, N'5364', N'Schaltin')
GO
INSERT [dbo].[LOC] ([LOC_ID], [LOC_CP], [LOC_NOM]) VALUES (784, N'4782', N'Schoenberg')
GO
INSERT [dbo].[LOC] ([LOC_ID], [LOC_CP], [LOC_NOM]) VALUES (785, N'5300', N'Sclayn')
GO
INSERT [dbo].[LOC] ([LOC_ID], [LOC_CP], [LOC_NOM]) VALUES (786, N'5361', N'Scy')
GO
INSERT [dbo].[LOC] ([LOC_ID], [LOC_CP], [LOC_NOM]) VALUES (787, N'5300', N'Seilles')
GO
INSERT [dbo].[LOC] ([LOC_ID], [LOC_CP], [LOC_NOM]) VALUES (788, N'6781', N'Sélange')
GO
INSERT [dbo].[LOC] ([LOC_ID], [LOC_CP], [LOC_NOM]) VALUES (789, N'6832', N'Sensenruth')
GO
INSERT [dbo].[LOC] ([LOC_ID], [LOC_CP], [LOC_NOM]) VALUES (790, N'4557', N'Seny')
GO
INSERT [dbo].[LOC] ([LOC_ID], [LOC_CP], [LOC_NOM]) VALUES (791, N'5630', N'Senzeilles')
GO
INSERT [dbo].[LOC] ([LOC_ID], [LOC_CP], [LOC_NOM]) VALUES (792, N'6940', N'Septon')
GO
INSERT [dbo].[LOC] ([LOC_ID], [LOC_CP], [LOC_NOM]) VALUES (793, N'4100', N'Seraing')
GO
INSERT [dbo].[LOC] ([LOC_ID], [LOC_CP], [LOC_NOM]) VALUES (794, N'4537', N'Seraing-Le-Château')
GO
INSERT [dbo].[LOC] ([LOC_ID], [LOC_CP], [LOC_NOM]) VALUES (795, N'5590', N'Serinchamps')
GO
INSERT [dbo].[LOC] ([LOC_ID], [LOC_CP], [LOC_NOM]) VALUES (796, N'5521', N'Serville')
GO
INSERT [dbo].[LOC] ([LOC_ID], [LOC_CP], [LOC_NOM]) VALUES (797, N'6640', N'Sibret')
GO
INSERT [dbo].[LOC] ([LOC_ID], [LOC_CP], [LOC_NOM]) VALUES (798, N'6750', N'Signeulx')
GO
INSERT [dbo].[LOC] ([LOC_ID], [LOC_CP], [LOC_NOM]) VALUES (799, N'5630', N'Silenrieux')
GO
INSERT [dbo].[LOC] ([LOC_ID], [LOC_CP], [LOC_NOM]) VALUES (800, N'5377', N'Sinsin')
GO
INSERT [dbo].[LOC] ([LOC_ID], [LOC_CP], [LOC_NOM]) VALUES (801, N'4851', N'Sippenaeken')
GO
INSERT [dbo].[LOC] ([LOC_ID], [LOC_CP], [LOC_NOM]) VALUES (802, N'4450', N'Slins')
GO
INSERT [dbo].[LOC] ([LOC_ID], [LOC_CP], [LOC_NOM]) VALUES (803, N'6890', N'Smuid')
GO
INSERT [dbo].[LOC] ([LOC_ID], [LOC_CP], [LOC_NOM]) VALUES (804, N'4557', N'Soheit-Tinlot')
GO
INSERT [dbo].[LOC] ([LOC_ID], [LOC_CP], [LOC_NOM]) VALUES (805, N'6920', N'Sohier')
GO
INSERT [dbo].[LOC] ([LOC_ID], [LOC_CP], [LOC_NOM]) VALUES (806, N'4861', N'Soiron')
GO
INSERT [dbo].[LOC] ([LOC_ID], [LOC_CP], [LOC_NOM]) VALUES (807, N'5140', N'Sombreffe')
GO
INSERT [dbo].[LOC] ([LOC_ID], [LOC_CP], [LOC_NOM]) VALUES (808, N'5377', N'Somme-Leuze')
GO
INSERT [dbo].[LOC] ([LOC_ID], [LOC_CP], [LOC_NOM]) VALUES (809, N'6769', N'Sommethonne')
GO
INSERT [dbo].[LOC] ([LOC_ID], [LOC_CP], [LOC_NOM]) VALUES (810, N'5523', N'Sommière')
GO
INSERT [dbo].[LOC] ([LOC_ID], [LOC_CP], [LOC_NOM]) VALUES (811, N'5651', N'Somzée')
GO
INSERT [dbo].[LOC] ([LOC_ID], [LOC_CP], [LOC_NOM]) VALUES (812, N'5340', N'Sorée')
GO
INSERT [dbo].[LOC] ([LOC_ID], [LOC_CP], [LOC_NOM]) VALUES (813, N'5333', N'Sorinne-La-Longue')
GO
INSERT [dbo].[LOC] ([LOC_ID], [LOC_CP], [LOC_NOM]) VALUES (814, N'5503', N'Sorinnes')
GO
INSERT [dbo].[LOC] ([LOC_ID], [LOC_CP], [LOC_NOM]) VALUES (815, N'5537', N'Sosoye')
GO
INSERT [dbo].[LOC] ([LOC_ID], [LOC_CP], [LOC_NOM]) VALUES (816, N'4920', N'Sougné-Remouchamps')
GO
INSERT [dbo].[LOC] ([LOC_ID], [LOC_CP], [LOC_NOM]) VALUES (817, N'5680', N'Soulme')
GO
INSERT [dbo].[LOC] ([LOC_ID], [LOC_CP], [LOC_NOM]) VALUES (818, N'4630', N'Soumagne')
GO
INSERT [dbo].[LOC] ([LOC_ID], [LOC_CP], [LOC_NOM]) VALUES (819, N'5630', N'Soumoy')
GO
INSERT [dbo].[LOC] ([LOC_ID], [LOC_CP], [LOC_NOM]) VALUES (820, N'4950', N'Sourbrodt')
GO
INSERT [dbo].[LOC] ([LOC_ID], [LOC_CP], [LOC_NOM]) VALUES (821, N'5590', N'Sovet')
GO
INSERT [dbo].[LOC] ([LOC_ID], [LOC_CP], [LOC_NOM]) VALUES (822, N'6997', N'Soy')
GO
INSERT [dbo].[LOC] ([LOC_ID], [LOC_CP], [LOC_NOM]) VALUES (823, N'5150', N'Soye')
GO
INSERT [dbo].[LOC] ([LOC_ID], [LOC_CP], [LOC_NOM]) VALUES (824, N'4900', N'Spa')
GO
INSERT [dbo].[LOC] ([LOC_ID], [LOC_CP], [LOC_NOM]) VALUES (825, N'5530', N'Spontin')
GO
INSERT [dbo].[LOC] ([LOC_ID], [LOC_CP], [LOC_NOM]) VALUES (826, N'4140', N'Sprimont')
GO
INSERT [dbo].[LOC] ([LOC_ID], [LOC_CP], [LOC_NOM]) VALUES (827, N'5190', N'Spy')
GO
INSERT [dbo].[LOC] ([LOC_ID], [LOC_CP], [LOC_NOM]) VALUES (828, N'5646', N'Stave')
GO
INSERT [dbo].[LOC] ([LOC_ID], [LOC_CP], [LOC_NOM]) VALUES (829, N'4970', N'Stavelot')
GO
INSERT [dbo].[LOC] ([LOC_ID], [LOC_CP], [LOC_NOM]) VALUES (830, N'4801', N'Stembert')
GO
INSERT [dbo].[LOC] ([LOC_ID], [LOC_CP], [LOC_NOM]) VALUES (831, N'4987', N'Stoumont')
GO
INSERT [dbo].[LOC] ([LOC_ID], [LOC_CP], [LOC_NOM]) VALUES (832, N'6887', N'Straimont')
GO
INSERT [dbo].[LOC] ([LOC_ID], [LOC_CP], [LOC_NOM]) VALUES (833, N'4577', N'Strée-Lez-Huy')
GO
INSERT [dbo].[LOC] ([LOC_ID], [LOC_CP], [LOC_NOM]) VALUES (834, N'5020', N'Suarlée')
GO
INSERT [dbo].[LOC] ([LOC_ID], [LOC_CP], [LOC_NOM]) VALUES (835, N'5550', N'Sugny')
GO
INSERT [dbo].[LOC] ([LOC_ID], [LOC_CP], [LOC_NOM]) VALUES (836, N'5600', N'Surice')
GO
INSERT [dbo].[LOC] ([LOC_ID], [LOC_CP], [LOC_NOM]) VALUES (837, N'6812', N'Suxy')
GO
INSERT [dbo].[LOC] ([LOC_ID], [LOC_CP], [LOC_NOM]) VALUES (838, N'6661', N'Tailles')
GO
INSERT [dbo].[LOC] ([LOC_ID], [LOC_CP], [LOC_NOM]) VALUES (839, N'5060', N'Tamines')
GO
INSERT [dbo].[LOC] ([LOC_ID], [LOC_CP], [LOC_NOM]) VALUES (840, N'5651', N'Tarcienne')
GO
INSERT [dbo].[LOC] ([LOC_ID], [LOC_CP], [LOC_NOM]) VALUES (841, N'4163', N'Tavier')
GO
INSERT [dbo].[LOC] ([LOC_ID], [LOC_CP], [LOC_NOM]) VALUES (842, N'5310', N'Taviers')
GO
INSERT [dbo].[LOC] ([LOC_ID], [LOC_CP], [LOC_NOM]) VALUES (843, N'6662', N'Tavigny')
GO
INSERT [dbo].[LOC] ([LOC_ID], [LOC_CP], [LOC_NOM]) VALUES (844, N'6927', N'Tellin')
GO
INSERT [dbo].[LOC] ([LOC_ID], [LOC_CP], [LOC_NOM]) VALUES (845, N'5020', N'Temploux')
GO
INSERT [dbo].[LOC] ([LOC_ID], [LOC_CP], [LOC_NOM]) VALUES (846, N'6970', N'Tenneville')
GO
INSERT [dbo].[LOC] ([LOC_ID], [LOC_CP], [LOC_NOM]) VALUES (847, N'6813', N'Termes')
GO
INSERT [dbo].[LOC] ([LOC_ID], [LOC_CP], [LOC_NOM]) VALUES (848, N'4560', N'Terwagne')
GO
INSERT [dbo].[LOC] ([LOC_ID], [LOC_CP], [LOC_NOM]) VALUES (849, N'4910', N'Theux')
GO
INSERT [dbo].[LOC] ([LOC_ID], [LOC_CP], [LOC_NOM]) VALUES (850, N'6717', N'Thiaumont')
GO
INSERT [dbo].[LOC] ([LOC_ID], [LOC_CP], [LOC_NOM]) VALUES (851, N'4890', N'Thimister')
GO
INSERT [dbo].[LOC] ([LOC_ID], [LOC_CP], [LOC_NOM]) VALUES (852, N'4280', N'Thisnes')
GO
INSERT [dbo].[LOC] ([LOC_ID], [LOC_CP], [LOC_NOM]) VALUES (853, N'4791', N'Thommen')
GO
INSERT [dbo].[LOC] ([LOC_ID], [LOC_CP], [LOC_NOM]) VALUES (854, N'5300', N'Thon')
GO
INSERT [dbo].[LOC] ([LOC_ID], [LOC_CP], [LOC_NOM]) VALUES (855, N'5621', N'Thy-Le-Baudouin')
GO
INSERT [dbo].[LOC] ([LOC_ID], [LOC_CP], [LOC_NOM]) VALUES (856, N'5651', N'Thy-Le-Château')
GO
INSERT [dbo].[LOC] ([LOC_ID], [LOC_CP], [LOC_NOM]) VALUES (857, N'5502', N'Thynes')
GO
INSERT [dbo].[LOC] ([LOC_ID], [LOC_CP], [LOC_NOM]) VALUES (858, N'4367', N'Thys')
GO
INSERT [dbo].[LOC] ([LOC_ID], [LOC_CP], [LOC_NOM]) VALUES (859, N'4630', N'Tignée')
GO
INSERT [dbo].[LOC] ([LOC_ID], [LOC_CP], [LOC_NOM]) VALUES (860, N'4500', N'Tihange')
GO
INSERT [dbo].[LOC] ([LOC_ID], [LOC_CP], [LOC_NOM]) VALUES (861, N'4130', N'Tilff')
GO
INSERT [dbo].[LOC] ([LOC_ID], [LOC_CP], [LOC_NOM]) VALUES (862, N'6680', N'Tillet')
GO
INSERT [dbo].[LOC] ([LOC_ID], [LOC_CP], [LOC_NOM]) VALUES (863, N'4420', N'Tilleur')
GO
INSERT [dbo].[LOC] ([LOC_ID], [LOC_CP], [LOC_NOM]) VALUES (864, N'5380', N'Tillier')
GO
INSERT [dbo].[LOC] ([LOC_ID], [LOC_CP], [LOC_NOM]) VALUES (865, N'4557', N'Tinlot')
GO
INSERT [dbo].[LOC] ([LOC_ID], [LOC_CP], [LOC_NOM]) VALUES (866, N'6637', N'Tintange')
GO
INSERT [dbo].[LOC] ([LOC_ID], [LOC_CP], [LOC_NOM]) VALUES (867, N'6730', N'Tintigny')
GO
INSERT [dbo].[LOC] ([LOC_ID], [LOC_CP], [LOC_NOM]) VALUES (868, N'6700', N'Toernich')
GO
INSERT [dbo].[LOC] ([LOC_ID], [LOC_CP], [LOC_NOM]) VALUES (869, N'6941', N'Tohogne')
GO
INSERT [dbo].[LOC] ([LOC_ID], [LOC_CP], [LOC_NOM]) VALUES (870, N'5140', N'Tongrinne')
GO
INSERT [dbo].[LOC] ([LOC_ID], [LOC_CP], [LOC_NOM]) VALUES (871, N'6717', N'Tontelange')
GO
INSERT [dbo].[LOC] ([LOC_ID], [LOC_CP], [LOC_NOM]) VALUES (872, N'6767', N'Torgny')
GO
INSERT [dbo].[LOC] ([LOC_ID], [LOC_CP], [LOC_NOM]) VALUES (873, N'4263', N'Tourinne')
GO
INSERT [dbo].[LOC] ([LOC_ID], [LOC_CP], [LOC_NOM]) VALUES (874, N'6840', N'Tournay')
GO
INSERT [dbo].[LOC] ([LOC_ID], [LOC_CP], [LOC_NOM]) VALUES (875, N'6890', N'Transinne')
GO
INSERT [dbo].[LOC] ([LOC_ID], [LOC_CP], [LOC_NOM]) VALUES (876, N'5670', N'Treignes')
GO
INSERT [dbo].[LOC] ([LOC_ID], [LOC_CP], [LOC_NOM]) VALUES (877, N'4670', N'Trembleur')
GO
INSERT [dbo].[LOC] ([LOC_ID], [LOC_CP], [LOC_NOM]) VALUES (878, N'4280', N'Trognée')
GO
INSERT [dbo].[LOC] ([LOC_ID], [LOC_CP], [LOC_NOM]) VALUES (879, N'4980', N'Trois-Ponts')
GO
INSERT [dbo].[LOC] ([LOC_ID], [LOC_CP], [LOC_NOM]) VALUES (880, N'6833', N'Ucimont')
GO
INSERT [dbo].[LOC] ([LOC_ID], [LOC_CP], [LOC_NOM]) VALUES (881, N'5310', N'Upigny')
GO
INSERT [dbo].[LOC] ([LOC_ID], [LOC_CP], [LOC_NOM]) VALUES (882, N'6741', N'Vance')
GO
INSERT [dbo].[LOC] ([LOC_ID], [LOC_CP], [LOC_NOM]) VALUES (883, N'5680', N'Vaucelles')
GO
INSERT [dbo].[LOC] ([LOC_ID], [LOC_CP], [LOC_NOM]) VALUES (884, N'6960', N'Vaux-Chavanne')
GO
INSERT [dbo].[LOC] ([LOC_ID], [LOC_CP], [LOC_NOM]) VALUES (885, N'4530', N'Vaux-Et-Borset')
GO
INSERT [dbo].[LOC] ([LOC_ID], [LOC_CP], [LOC_NOM]) VALUES (886, N'6640', N'Vaux-Lez-Rosières')
GO
INSERT [dbo].[LOC] ([LOC_ID], [LOC_CP], [LOC_NOM]) VALUES (887, N'4051', N'Vaux-Sous-Chèvremont')
GO
INSERT [dbo].[LOC] ([LOC_ID], [LOC_CP], [LOC_NOM]) VALUES (888, N'6640', N'Vaux-Sur-Sûre')
GO
INSERT [dbo].[LOC] ([LOC_ID], [LOC_CP], [LOC_NOM]) VALUES (889, N'5020', N'Vedrin')
GO
INSERT [dbo].[LOC] ([LOC_ID], [LOC_CP], [LOC_NOM]) VALUES (890, N'5060', N'Velaine-Sur-Sambre')
GO
INSERT [dbo].[LOC] ([LOC_ID], [LOC_CP], [LOC_NOM]) VALUES (891, N'4460', N'Velroux')
GO
INSERT [dbo].[LOC] ([LOC_ID], [LOC_CP], [LOC_NOM]) VALUES (892, N'5575', N'Vencimont')
GO
INSERT [dbo].[LOC] ([LOC_ID], [LOC_CP], [LOC_NOM]) VALUES (893, N'4537', N'Verlaine')
GO
INSERT [dbo].[LOC] ([LOC_ID], [LOC_CP], [LOC_NOM]) VALUES (894, N'5370', N'Verlée')
GO
INSERT [dbo].[LOC] ([LOC_ID], [LOC_CP], [LOC_NOM]) VALUES (895, N'4800', N'Verviers')
GO
INSERT [dbo].[LOC] ([LOC_ID], [LOC_CP], [LOC_NOM]) VALUES (896, N'6870', N'Vesqueville')
GO
INSERT [dbo].[LOC] ([LOC_ID], [LOC_CP], [LOC_NOM]) VALUES (897, N'5300', N'Vezin')
GO
INSERT [dbo].[LOC] ([LOC_ID], [LOC_CP], [LOC_NOM]) VALUES (898, N'6690', N'Vielsalm')
GO
INSERT [dbo].[LOC] ([LOC_ID], [LOC_CP], [LOC_NOM]) VALUES (899, N'4317', N'Viemme')
GO
INSERT [dbo].[LOC] ([LOC_ID], [LOC_CP], [LOC_NOM]) VALUES (900, N'4577', N'Vierset-Barse')
GO
INSERT [dbo].[LOC] ([LOC_ID], [LOC_CP], [LOC_NOM]) VALUES (901, N'5670', N'Vierves-Sur-Viroin')
GO
INSERT [dbo].[LOC] ([LOC_ID], [LOC_CP], [LOC_NOM]) VALUES (902, N'4530', N'Vieux-Waleffe')
GO
INSERT [dbo].[LOC] ([LOC_ID], [LOC_CP], [LOC_NOM]) VALUES (903, N'4190', N'Vieuxville')
GO
INSERT [dbo].[LOC] ([LOC_ID], [LOC_CP], [LOC_NOM]) VALUES (904, N'6890', N'Villance')
GO
INSERT [dbo].[LOC] ([LOC_ID], [LOC_CP], [LOC_NOM]) VALUES (905, N'4260', N'Ville-En-Hesbaye')
GO
INSERT [dbo].[LOC] ([LOC_ID], [LOC_CP], [LOC_NOM]) VALUES (906, N'4161', N'Villers-Aux-Tours')
GO
INSERT [dbo].[LOC] ([LOC_ID], [LOC_CP], [LOC_NOM]) VALUES (907, N'5630', N'Villers-Deux-Eglises')
GO
INSERT [dbo].[LOC] ([LOC_ID], [LOC_CP], [LOC_NOM]) VALUES (908, N'6823', N'Villers-Devant-Orval')
GO
INSERT [dbo].[LOC] ([LOC_ID], [LOC_CP], [LOC_NOM]) VALUES (909, N'5600', N'Villers-En-Fagne')
GO
INSERT [dbo].[LOC] ([LOC_ID], [LOC_CP], [LOC_NOM]) VALUES (910, N'4340', N'Villers-L''Evêque')
GO
INSERT [dbo].[LOC] ([LOC_ID], [LOC_CP], [LOC_NOM]) VALUES (911, N'6600', N'Villers-La-Bonne-Eau')
GO
INSERT [dbo].[LOC] ([LOC_ID], [LOC_CP], [LOC_NOM]) VALUES (912, N'6769', N'Villers-La-Loue')
GO
INSERT [dbo].[LOC] ([LOC_ID], [LOC_CP], [LOC_NOM]) VALUES (913, N'4530', N'Villers-Le-Bouillet')
GO
INSERT [dbo].[LOC] ([LOC_ID], [LOC_CP], [LOC_NOM]) VALUES (914, N'5600', N'Villers-Le-Gambon')
GO
INSERT [dbo].[LOC] ([LOC_ID], [LOC_CP], [LOC_NOM]) VALUES (915, N'4280', N'Villers-Le-Peuplier')
GO
INSERT [dbo].[LOC] ([LOC_ID], [LOC_CP], [LOC_NOM]) VALUES (916, N'4550', N'Villers-Le-Temple')
GO
INSERT [dbo].[LOC] ([LOC_ID], [LOC_CP], [LOC_NOM]) VALUES (917, N'5080', N'Villers-Lez-Heest')
GO
INSERT [dbo].[LOC] ([LOC_ID], [LOC_CP], [LOC_NOM]) VALUES (918, N'4453', N'Villers-Saint-Siméon')
GO
INSERT [dbo].[LOC] ([LOC_ID], [LOC_CP], [LOC_NOM]) VALUES (919, N'6941', N'Villers-Sainte-Gertrude')
GO
INSERT [dbo].[LOC] ([LOC_ID], [LOC_CP], [LOC_NOM]) VALUES (920, N'5580', N'Villers-Sur-Lesse')
GO
INSERT [dbo].[LOC] ([LOC_ID], [LOC_CP], [LOC_NOM]) VALUES (921, N'6740', N'Villers-Sur-Semois')
GO
INSERT [dbo].[LOC] ([LOC_ID], [LOC_CP], [LOC_NOM]) VALUES (922, N'4520', N'Vinalmont')
GO
INSERT [dbo].[LOC] ([LOC_ID], [LOC_CP], [LOC_NOM]) VALUES (923, N'6760', N'Virton')
GO
INSERT [dbo].[LOC] ([LOC_ID], [LOC_CP], [LOC_NOM]) VALUES (924, N'4600', N'Visé')
GO
INSERT [dbo].[LOC] ([LOC_ID], [LOC_CP], [LOC_NOM]) VALUES (925, N'5070', N'Vitrival')
GO
INSERT [dbo].[LOC] ([LOC_ID], [LOC_CP], [LOC_NOM]) VALUES (926, N'4683', N'Vivegnis')
GO
INSERT [dbo].[LOC] ([LOC_ID], [LOC_CP], [LOC_NOM]) VALUES (927, N'6833', N'Vivy')
GO
INSERT [dbo].[LOC] ([LOC_ID], [LOC_CP], [LOC_NOM]) VALUES (928, N'5600', N'Vodecée')
GO
INSERT [dbo].[LOC] ([LOC_ID], [LOC_CP], [LOC_NOM]) VALUES (929, N'5680', N'Vodelée')
GO
INSERT [dbo].[LOC] ([LOC_ID], [LOC_CP], [LOC_NOM]) VALUES (930, N'5650', N'Vogenée')
GO
INSERT [dbo].[LOC] ([LOC_ID], [LOC_CP], [LOC_NOM]) VALUES (931, N'5570', N'Vonêche')
GO
INSERT [dbo].[LOC] ([LOC_ID], [LOC_CP], [LOC_NOM]) VALUES (932, N'4347', N'Voroux-Goreux')
GO
INSERT [dbo].[LOC] ([LOC_ID], [LOC_CP], [LOC_NOM]) VALUES (933, N'4451', N'Voroux-Lez-Liers')
GO
INSERT [dbo].[LOC] ([LOC_ID], [LOC_CP], [LOC_NOM]) VALUES (934, N'4041', N'Vottem')
GO
INSERT [dbo].[LOC] ([LOC_ID], [LOC_CP], [LOC_NOM]) VALUES (935, N'5550', N'Vresse-Sur-Semois')
GO
INSERT [dbo].[LOC] ([LOC_ID], [LOC_CP], [LOC_NOM]) VALUES (936, N'4570', N'Vyle-Et-Tharoul')
GO
INSERT [dbo].[LOC] ([LOC_ID], [LOC_CP], [LOC_NOM]) VALUES (937, N'6900', N'Waha')
GO
INSERT [dbo].[LOC] ([LOC_ID], [LOC_CP], [LOC_NOM]) VALUES (938, N'5377', N'Waillet')
GO
INSERT [dbo].[LOC] ([LOC_ID], [LOC_CP], [LOC_NOM]) VALUES (939, N'4950', N'Waimes')
GO
INSERT [dbo].[LOC] ([LOC_ID], [LOC_CP], [LOC_NOM]) VALUES (940, N'5650', N'Walcourt')
GO
INSERT [dbo].[LOC] ([LOC_ID], [LOC_CP], [LOC_NOM]) VALUES (941, N'4711', N'Walhorn')
GO
INSERT [dbo].[LOC] ([LOC_ID], [LOC_CP], [LOC_NOM]) VALUES (942, N'5570', N'Wancennes')
GO
INSERT [dbo].[LOC] ([LOC_ID], [LOC_CP], [LOC_NOM]) VALUES (943, N'4020', N'Wandre')
GO
INSERT [dbo].[LOC] ([LOC_ID], [LOC_CP], [LOC_NOM]) VALUES (944, N'5564', N'Wanlin')
GO
INSERT [dbo].[LOC] ([LOC_ID], [LOC_CP], [LOC_NOM]) VALUES (945, N'4980', N'Wanne')
GO
INSERT [dbo].[LOC] ([LOC_ID], [LOC_CP], [LOC_NOM]) VALUES (946, N'4280', N'Wansin')
GO
INSERT [dbo].[LOC] ([LOC_ID], [LOC_CP], [LOC_NOM]) VALUES (947, N'4520', N'Wanze')
GO
INSERT [dbo].[LOC] ([LOC_ID], [LOC_CP], [LOC_NOM]) VALUES (948, N'6600', N'Wardin')
GO
INSERT [dbo].[LOC] ([LOC_ID], [LOC_CP], [LOC_NOM]) VALUES (949, N'4300', N'Waremme')
GO
INSERT [dbo].[LOC] ([LOC_ID], [LOC_CP], [LOC_NOM]) VALUES (950, N'4217', N'Waret-L''Evêque')
GO
INSERT [dbo].[LOC] ([LOC_ID], [LOC_CP], [LOC_NOM]) VALUES (951, N'5310', N'Waret-La-Chaussée')
GO
INSERT [dbo].[LOC] ([LOC_ID], [LOC_CP], [LOC_NOM]) VALUES (952, N'5080', N'Warisoulx')
GO
INSERT [dbo].[LOC] ([LOC_ID], [LOC_CP], [LOC_NOM]) VALUES (953, N'5537', N'Warnant')
GO
INSERT [dbo].[LOC] ([LOC_ID], [LOC_CP], [LOC_NOM]) VALUES (954, N'4530', N'Warnant-Dreye')
GO
INSERT [dbo].[LOC] ([LOC_ID], [LOC_CP], [LOC_NOM]) VALUES (955, N'4608', N'Warsage')
GO
INSERT [dbo].[LOC] ([LOC_ID], [LOC_CP], [LOC_NOM]) VALUES (956, N'4590', N'Warzée')
GO
INSERT [dbo].[LOC] ([LOC_ID], [LOC_CP], [LOC_NOM]) VALUES (957, N'4219', N'Wasseiges')
GO
INSERT [dbo].[LOC] ([LOC_ID], [LOC_CP], [LOC_NOM]) VALUES (958, N'5540', N'Waulsort')
GO
INSERT [dbo].[LOC] ([LOC_ID], [LOC_CP], [LOC_NOM]) VALUES (959, N'5580', N'Wavreille')
GO
INSERT [dbo].[LOC] ([LOC_ID], [LOC_CP], [LOC_NOM]) VALUES (960, N'4860', N'Wegnez')
GO
INSERT [dbo].[LOC] ([LOC_ID], [LOC_CP], [LOC_NOM]) VALUES (961, N'5523', N'Weillen')
GO
INSERT [dbo].[LOC] ([LOC_ID], [LOC_CP], [LOC_NOM]) VALUES (962, N'4840', N'Welkenraedt')
GO
INSERT [dbo].[LOC] ([LOC_ID], [LOC_CP], [LOC_NOM]) VALUES (963, N'6920', N'Wellin')
GO
INSERT [dbo].[LOC] ([LOC_ID], [LOC_CP], [LOC_NOM]) VALUES (964, N'5100', N'Wépion')
GO
INSERT [dbo].[LOC] ([LOC_ID], [LOC_CP], [LOC_NOM]) VALUES (965, N'4190', N'Werbomont')
GO
INSERT [dbo].[LOC] ([LOC_ID], [LOC_CP], [LOC_NOM]) VALUES (966, N'6940', N'Wéris')
GO
INSERT [dbo].[LOC] ([LOC_ID], [LOC_CP], [LOC_NOM]) VALUES (967, N'6666', N'Wibrin')
GO
INSERT [dbo].[LOC] ([LOC_ID], [LOC_CP], [LOC_NOM]) VALUES (968, N'5100', N'Wierde')
GO
INSERT [dbo].[LOC] ([LOC_ID], [LOC_CP], [LOC_NOM]) VALUES (969, N'5571', N'Wiesme')
GO
INSERT [dbo].[LOC] ([LOC_ID], [LOC_CP], [LOC_NOM]) VALUES (970, N'4452', N'Wihogne')
GO
INSERT [dbo].[LOC] ([LOC_ID], [LOC_CP], [LOC_NOM]) VALUES (971, N'5575', N'Willerzie')
GO
INSERT [dbo].[LOC] ([LOC_ID], [LOC_CP], [LOC_NOM]) VALUES (972, N'5570', N'Winenne')
GO
INSERT [dbo].[LOC] ([LOC_ID], [LOC_CP], [LOC_NOM]) VALUES (973, N'6860', N'Witry')
GO
INSERT [dbo].[LOC] ([LOC_ID], [LOC_CP], [LOC_NOM]) VALUES (974, N'6780', N'Wolkrange')
GO
INSERT [dbo].[LOC] ([LOC_ID], [LOC_CP], [LOC_NOM]) VALUES (975, N'4690', N'Wonck')
GO
INSERT [dbo].[LOC] ([LOC_ID], [LOC_CP], [LOC_NOM]) VALUES (976, N'4652', N'Xhendelesse')
GO
INSERT [dbo].[LOC] ([LOC_ID], [LOC_CP], [LOC_NOM]) VALUES (977, N'4432', N'Xhendremael')
GO
INSERT [dbo].[LOC] ([LOC_ID], [LOC_CP], [LOC_NOM]) VALUES (978, N'4190', N'Xhoris')
GO
INSERT [dbo].[LOC] ([LOC_ID], [LOC_CP], [LOC_NOM]) VALUES (979, N'4550', N'Yernée-Fraineux')
GO
INSERT [dbo].[LOC] ([LOC_ID], [LOC_CP], [LOC_NOM]) VALUES (980, N'5650', N'Yves-Gomezée')
GO
INSERT [dbo].[LOC] ([LOC_ID], [LOC_CP], [LOC_NOM]) VALUES (981, N'5530', N'Yvoir')
GO
SET IDENTITY_INSERT [dbo].[LOC] OFF
GO


SET IDENTITY_INSERT [dbo].[MBR] ON 
GO
INSERT [dbo].[MBR] ([MBR_ID], [MBR_NOM], [MBR_PRN], [MBR_SEX], [MBR_DTE_NAI], [MBR_DTE_INS], [MBR_RUE], [MBR_NOM_RES], [MBR_NUM_IMM], [MBR_NUM_BTE], [MBR_NUM_TEL], [MBR_NUM_GSM], [MBR_ADR_MAIL], [MBR_ADM], [MBR_USR_PSD], [MBR_USR_PWD], [LOC_ID]) VALUES (9, N'Carter', N'Nick', N'M', CAST(N'1980-01-28T00:00:00.000' AS DateTime), CAST(N'2020-01-02T00:00:00.000' AS DateTime), N'Rue du Petit Blond', N'', NULL, N'4', NULL, N'0491323225', N'nick.carter@gmail.com', 0, N'legarsdubascote', N'28198001', 2)
GO
INSERT [dbo].[MBR] ([MBR_ID], [MBR_NOM], [MBR_PRN], [MBR_SEX], [MBR_DTE_NAI], [MBR_DTE_INS], [MBR_RUE], [MBR_NOM_RES], [MBR_NUM_IMM], [MBR_NUM_BTE], [MBR_NUM_TEL], [MBR_NUM_GSM], [MBR_ADR_MAIL], [MBR_ADM], [MBR_USR_PSD], [MBR_USR_PWD], [LOC_ID]) VALUES (10, N'McLean', N'AJ', N'M', CAST(N'1978-09-01T00:00:00.000' AS DateTime), CAST(N'2021-03-01T00:00:00.000' AS DateTime), N'Avenue de l''Observatoire', N'La baguette dorée', NULL, N'18', NULL, N'0478918873', N'mclean_aj@outlook.com', 0, N'rebelaveccause', N'09197801', 4)
GO
INSERT [dbo].[MBR] ([MBR_ID], [MBR_NOM], [MBR_PRN], [MBR_SEX], [MBR_DTE_NAI], [MBR_DTE_INS], [MBR_RUE], [MBR_NOM_RES], [MBR_NUM_IMM], [MBR_NUM_BTE], [MBR_NUM_TEL], [MBR_NUM_GSM], [MBR_ADR_MAIL], [MBR_ADM], [MBR_USR_PSD], [MBR_USR_PWD], [LOC_ID]) VALUES (12, N'Littrell', N'Brian', N'M', CAST(N'1975-02-20T00:00:00.000' AS DateTime), CAST(N'2020-01-02T00:00:00.000' AS DateTime), N'Boulevard de l''Audition', NULL, N'7', N'B', N'043676868', N'0499134679', N'brian.thomas.littrell@yahoo.com', 0, N'ingoditrust', N'20197502', 3)
GO
INSERT [dbo].[MBR] ([MBR_ID], [MBR_NOM], [MBR_PRN], [MBR_SEX], [MBR_DTE_NAI], [MBR_DTE_INS], [MBR_RUE], [MBR_NOM_RES], [MBR_NUM_IMM], [MBR_NUM_BTE], [MBR_NUM_TEL], [MBR_NUM_GSM], [MBR_ADR_MAIL], [MBR_ADM], [MBR_USR_PSD], [MBR_USR_PWD], [LOC_ID]) VALUES (14, N'Dorough', N'Howie', N'M', CAST(N'1973-08-22T00:00:00.000' AS DateTime), CAST(N'2021-05-15T00:00:00.000' AS DateTime), N'Quai de la Minuterie', NULL, N'89', N'A', NULL, N'0486927382', N'howie.d@gmail.com', 0, NULL, NULL, 1)
GO
INSERT [dbo].[MBR] ([MBR_ID], [MBR_NOM], [MBR_PRN], [MBR_SEX], [MBR_DTE_NAI], [MBR_DTE_INS], [MBR_RUE], [MBR_NOM_RES], [MBR_NUM_IMM], [MBR_NUM_BTE], [MBR_NUM_TEL], [MBR_NUM_GSM], [MBR_ADR_MAIL], [MBR_ADM], [MBR_USR_PSD], [MBR_USR_PWD], [LOC_ID]) VALUES (15, N'Richardson', N'Kevin', N'M', CAST(N'1971-10-03T00:00:00.000' AS DateTime), CAST(N'2020-10-27T00:00:00.000' AS DateTime), N'Route du Canada', NULL, NULL, N'78', NULL, N'0475259725', N'kevin.scott.richardson@yahoo.com', 1, N'kevintortueninja', N'03197110', 3)
GO
INSERT [dbo].[MBR] ([MBR_ID], [MBR_NOM], [MBR_PRN], [MBR_SEX], [MBR_DTE_NAI], [MBR_DTE_INS], [MBR_RUE], [MBR_NOM_RES], [MBR_NUM_IMM], [MBR_NUM_BTE], [MBR_NUM_TEL], [MBR_NUM_GSM], [MBR_ADR_MAIL], [MBR_ADM], [MBR_USR_PSD], [MBR_USR_PWD], [LOC_ID]) VALUES (16, N'D''Este', N'Laure', N'F', CAST(N'1985-04-04T00:00:00.000' AS DateTime), CAST(N'2019-11-01T00:00:00.000' AS DateTime), N'Rue Grande', NULL, NULL, N'112', NULL, N'0499220334', N'laure.deste@gmail.com', 1, N'agateau136', N'04198504', 1)
GO
INSERT [dbo].[MBR] ([MBR_ID], [MBR_NOM], [MBR_PRN], [MBR_SEX], [MBR_DTE_NAI], [MBR_DTE_INS], [MBR_RUE], [MBR_NOM_RES], [MBR_NUM_IMM], [MBR_NUM_BTE], [MBR_NUM_TEL], [MBR_NUM_GSM], [MBR_ADR_MAIL], [MBR_ADM], [MBR_USR_PSD], [MBR_USR_PWD], [LOC_ID]) VALUES (18, N'Matray', N'Philippe', N'M', CAST(N'1988-08-01T00:00:00.000' AS DateTime), CAST(N'2019-11-01T00:00:00.000' AS DateTime), N'Rue Vieille Voie', NULL, NULL, N'12', NULL, N'0473322929', N'ph.matray@gmail.com', 1, N'lejeunehomme', N'01198808', 1)
GO
SET IDENTITY_INSERT [dbo].[MBR] OFF
GO


INSERT [dbo].[PIL] ([MBR_ID], [PIL_NUM_LIC], [PIL_LIC_DTE_OBT], [PIL_LIC_DTE_EXP], [PIL_LIC_PAYS]) VALUES (9, N'978492520149437', CAST(N'2018-03-18T00:00:00.000' AS DateTime), CAST(N'2023-03-01T00:00:00.000' AS DateTime), N'BE')
GO
INSERT [dbo].[PIL] ([MBR_ID], [PIL_NUM_LIC], [PIL_LIC_DTE_OBT], [PIL_LIC_DTE_EXP], [PIL_LIC_PAYS]) VALUES (10, N'271900440660387', CAST(N'2021-01-01T00:00:00.000' AS DateTime), CAST(N'2026-01-01T00:00:00.000' AS DateTime), N'FR')
GO
INSERT [dbo].[PIL] ([MBR_ID], [PIL_NUM_LIC], [PIL_LIC_DTE_OBT], [PIL_LIC_DTE_EXP], [PIL_LIC_PAYS]) VALUES (12, N'713673960018620', CAST(N'2016-09-17T00:00:00.000' AS DateTime), CAST(N'2021-09-01T00:00:00.000' AS DateTime), N'ES')
GO
INSERT [dbo].[PIL] ([MBR_ID], [PIL_NUM_LIC], [PIL_LIC_DTE_OBT], [PIL_LIC_DTE_EXP], [PIL_LIC_PAYS]) VALUES (15, N'825321759806275', CAST(N'2020-02-03T00:00:00.000' AS DateTime), CAST(N'2025-02-01T00:00:00.000' AS DateTime), N'BE')
GO
INSERT [dbo].[PIL] ([MBR_ID], [PIL_NUM_LIC], [PIL_LIC_DTE_OBT], [PIL_LIC_DTE_EXP], [PIL_LIC_PAYS]) VALUES (18, N'253905114677819', CAST(N'2017-12-10T00:00:00.000' AS DateTime), CAST(N'2022-12-01T00:00:00.000' AS DateTime), N'BE')
GO


SET IDENTITY_INSERT [dbo].[RES] ON 
GO
INSERT [dbo].[RES] ([RES_ID], [RES_DTE], [RES_HEU_DEB], [RES_HEU_FIN], [MBR_ID]) VALUES (1, CAST(N'2020-02-01T00:00:00.000' AS DateTime), CAST(N'10:00:00' AS Time), CAST(N'11:00:00' AS Time), 9)
GO
INSERT [dbo].[RES] ([RES_ID], [RES_DTE], [RES_HEU_DEB], [RES_HEU_FIN], [MBR_ID]) VALUES (2, CAST(N'2020-11-01T00:00:00.000' AS DateTime), CAST(N'17:30:00' AS Time), CAST(N'19:00:00' AS Time), 15)
GO
INSERT [dbo].[RES] ([RES_ID], [RES_DTE], [RES_HEU_DEB], [RES_HEU_FIN], [MBR_ID]) VALUES (3, CAST(N'2020-12-15T00:00:00.000' AS DateTime), CAST(N'14:00:00' AS Time), CAST(N'16:00:00' AS Time), 12)
GO
INSERT [dbo].[RES] ([RES_ID], [RES_DTE], [RES_HEU_DEB], [RES_HEU_FIN], [MBR_ID]) VALUES (4, CAST(N'2021-03-05T00:00:00.000' AS DateTime), CAST(N'09:00:00' AS Time), CAST(N'10:30:00' AS Time), 10)
GO
INSERT [dbo].[RES] ([RES_ID], [RES_DTE], [RES_HEU_DEB], [RES_HEU_FIN], [MBR_ID]) VALUES (5, CAST(N'2021-04-04T00:00:00.000' AS DateTime), CAST(N'17:00:00' AS Time), CAST(N'19:00:00' AS Time), 9)
GO
INSERT [dbo].[RES] ([RES_ID], [RES_DTE], [RES_HEU_DEB], [RES_HEU_FIN], [MBR_ID]) VALUES (6, CAST(N'2021-04-04T00:00:00.000' AS DateTime), CAST(N'16:00:00' AS Time), CAST(N'19:00:00' AS Time), 18)
GO
INSERT [dbo].[RES] ([RES_ID], [RES_DTE], [RES_HEU_DEB], [RES_HEU_FIN], [MBR_ID]) VALUES (7, CAST(N'2021-07-20T00:00:00.000' AS DateTime), CAST(N'13:00:00' AS Time), CAST(N'15:00:00' AS Time), 12)
GO
INSERT [dbo].[RES] ([RES_ID], [RES_DTE], [RES_HEU_DEB], [RES_HEU_FIN], [MBR_ID]) VALUES (8, CAST(N'2021-08-02T00:00:00.000' AS DateTime), CAST(N'16:00:00' AS Time), CAST(N'19:00:00' AS Time), 18)
GO
INSERT [dbo].[RES] ([RES_ID], [RES_DTE], [RES_HEU_DEB], [RES_HEU_FIN], [MBR_ID]) VALUES (9, CAST(N'2021-08-03T00:00:00.000' AS DateTime), CAST(N'11:00:00' AS Time), CAST(N'13:00:00' AS Time), 15)
GO
INSERT [dbo].[RES] ([RES_ID], [RES_DTE], [RES_HEU_DEB], [RES_HEU_FIN], [MBR_ID]) VALUES (10, CAST(N'2021-08-07T00:00:00.000' AS DateTime), CAST(N'14:30:00' AS Time), CAST(N'17:00:00' AS Time), 18)
GO
INSERT [dbo].[RES] ([RES_ID], [RES_DTE], [RES_HEU_DEB], [RES_HEU_FIN], [MBR_ID]) VALUES (11, CAST(N'2021-08-07T00:00:00.000' AS DateTime), CAST(N'15:00:00' AS Time), CAST(N'18:00:00' AS Time), 9)
GO
INSERT [dbo].[RES] ([RES_ID], [RES_DTE], [RES_HEU_DEB], [RES_HEU_FIN], [MBR_ID]) VALUES (12, CAST(N'2021-08-10T00:00:00.000' AS DateTime), CAST(N'08:30:00' AS Time), CAST(N'10:00:00' AS Time), 10)
GO
INSERT [dbo].[RES] ([RES_ID], [RES_DTE], [RES_HEU_DEB], [RES_HEU_FIN], [MBR_ID]) VALUES (13, CAST(N'2021-08-11T00:00:00.000' AS DateTime), CAST(N'10:00:00' AS Time), CAST(N'12:00:00' AS Time), 10)
GO
SET IDENTITY_INSERT [dbo].[RES] OFF
GO


SET IDENTITY_INSERT [dbo].[RET] ON 
GO
INSERT [dbo].[RET] ([RET_ID], [RET_DTE_DEB], [RET_DTE_FIN], [RET_MOTIF], [MBR_ID]) VALUES (1, CAST(N'2021-05-01T00:00:00.000' AS DateTime), CAST(N'2021-07-01T00:00:00.000' AS DateTime), N'Non paiement de renouvellement de licence', 15)
GO
INSERT [dbo].[RET] ([RET_ID], [RET_DTE_DEB], [RET_DTE_FIN], [RET_MOTIF], [MBR_ID]) VALUES (2, CAST(N'2017-09-17T00:00:00.000' AS DateTime), CAST(N'2017-10-17T00:00:00.000' AS DateTime), N'Examen post 1ère obtention de licence échoué', 12)
GO
SET IDENTITY_INSERT [dbo].[RET] OFF
GO


SET IDENTITY_INSERT [dbo].[TYP] ON 
GO
INSERT [dbo].[TYP] ([TYP_ID], [TYP_NOM], [TYP_DES]) VALUES (1, N'Paramoteurs', N'test')
GO
INSERT [dbo].[TYP] ([TYP_ID], [TYP_NOM], [TYP_DES]) VALUES (2, N'Pendulaires', N'test')
GO
INSERT [dbo].[TYP] ([TYP_ID], [TYP_NOM], [TYP_DES]) VALUES (3, N'Appareils 3 axes', N'test')
GO
INSERT [dbo].[TYP] ([TYP_ID], [TYP_NOM], [TYP_DES]) VALUES (4, N'Autogires', N'test')
GO
INSERT [dbo].[TYP] ([TYP_ID], [TYP_NOM], [TYP_DES]) VALUES (5, N'Aérostats', N'test')
GO
INSERT [dbo].[TYP] ([TYP_ID], [TYP_NOM], [TYP_DES]) VALUES (6, N'Hélicoptères', N'test')
GO
SET IDENTITY_INSERT [dbo].[TYP] OFF
GO


INSERT [dbo].[QUAL] ([TYP_ID], [MBR_ID]) VALUES (1, 9)
GO
INSERT [dbo].[QUAL] ([TYP_ID], [MBR_ID]) VALUES (1, 10)
GO
INSERT [dbo].[QUAL] ([TYP_ID], [MBR_ID]) VALUES (1, 12)
GO
INSERT [dbo].[QUAL] ([TYP_ID], [MBR_ID]) VALUES (2, 18)
GO
INSERT [dbo].[QUAL] ([TYP_ID], [MBR_ID]) VALUES (3, 9)
GO
INSERT [dbo].[QUAL] ([TYP_ID], [MBR_ID]) VALUES (3, 18)
GO
INSERT [dbo].[QUAL] ([TYP_ID], [MBR_ID]) VALUES (4, 9)
GO
INSERT [dbo].[QUAL] ([TYP_ID], [MBR_ID]) VALUES (4, 15)
GO


SET IDENTITY_INSERT [dbo].[AER] ON 
GO
INSERT [dbo].[AER] ([AER_ID], [AER_IMA], [AER_TYPE], [TYP_ID]) VALUES (1, N'TEST1', N'', 1)
GO
INSERT [dbo].[AER] ([AER_ID], [AER_IMA], [AER_TYPE], [TYP_ID]) VALUES (3, N'TEST2', N'', 2)
GO
INSERT [dbo].[AER] ([AER_ID], [AER_IMA], [AER_TYPE], [TYP_ID]) VALUES (4, N'TEST3', N'', 3)
GO
INSERT [dbo].[AER] ([AER_ID], [AER_IMA], [AER_TYPE], [TYP_ID]) VALUES (5, N'TEST4', N'', 4)
GO
INSERT [dbo].[AER] ([AER_ID], [AER_IMA], [AER_TYPE], [TYP_ID]) VALUES (6, N'TEST5', N'', 1)
GO
INSERT [dbo].[AER] ([AER_ID], [AER_IMA], [AER_TYPE], [TYP_ID]) VALUES (7, N'TEST6', N'', 1)
GO
INSERT [dbo].[AER] ([AER_ID], [AER_IMA], [AER_TYPE], [TYP_ID]) VALUES (8, N'TEST7', N'', 1)
GO
INSERT [dbo].[AER] ([AER_ID], [AER_IMA], [AER_TYPE], [TYP_ID]) VALUES (9, N'TEST8', N'', 2)
GO
INSERT [dbo].[AER] ([AER_ID], [AER_IMA], [AER_TYPE], [TYP_ID]) VALUES (10, N'TEST9', N'', 3)
GO
INSERT [dbo].[AER] ([AER_ID], [AER_IMA], [AER_TYPE], [TYP_ID]) VALUES (11, N'TEST10', N'', 3)
GO
INSERT [dbo].[AER] ([AER_ID], [AER_IMA], [AER_TYPE], [TYP_ID]) VALUES (12, N'TEST11', N'', 3)
GO
INSERT [dbo].[AER] ([AER_ID], [AER_IMA], [AER_TYPE], [TYP_ID]) VALUES (13, N'TEST12', N'', 3)
GO
INSERT [dbo].[AER] ([AER_ID], [AER_IMA], [AER_TYPE], [TYP_ID]) VALUES (14, N'TEST13', N'', 4)
GO
INSERT [dbo].[AER] ([AER_ID], [AER_IMA], [AER_TYPE], [TYP_ID]) VALUES (15, N'TEST14', N'', 4)
GO
SET IDENTITY_INSERT [dbo].[AER] OFF
GO


SET IDENTITY_INSERT [dbo].[PIST] ON 
GO
INSERT [dbo].[PIST] ([PIST_ID], [PIST_DISPO]) VALUES (1, 1)
GO
INSERT [dbo].[PIST] ([PIST_ID], [PIST_DISPO]) VALUES (2, 1)
GO
INSERT [dbo].[PIST] ([PIST_ID], [PIST_DISPO]) VALUES (3, 1)
GO
INSERT [dbo].[PIST] ([PIST_ID], [PIST_DISPO]) VALUES (4, 0)
GO
INSERT [dbo].[PIST] ([PIST_ID], [PIST_DISPO]) VALUES (5, 1)
GO
INSERT [dbo].[PIST] ([PIST_ID], [PIST_DISPO]) VALUES (6, 0)
GO
SET IDENTITY_INSERT [dbo].[PIST] OFF
GO


INSERT [dbo].[CON] ([RES_ID], [AER_ID], [PIST_ID]) VALUES (1, 4, 1)
GO
INSERT [dbo].[CON] ([RES_ID], [AER_ID], [PIST_ID]) VALUES (2, 5, 2)
GO
INSERT [dbo].[CON] ([RES_ID], [AER_ID], [PIST_ID]) VALUES (3, 8, 3)
GO
INSERT [dbo].[CON] ([RES_ID], [AER_ID], [PIST_ID]) VALUES (4, 1, 3)
GO
INSERT [dbo].[CON] ([RES_ID], [AER_ID], [PIST_ID]) VALUES (5, 7, 5)
GO
INSERT [dbo].[CON] ([RES_ID], [AER_ID], [PIST_ID]) VALUES (6, 3, 3)
GO
INSERT [dbo].[CON] ([RES_ID], [AER_ID], [PIST_ID]) VALUES (7, 6, 5)
GO
INSERT [dbo].[CON] ([RES_ID], [AER_ID], [PIST_ID]) VALUES (8, 4, 1)
GO
INSERT [dbo].[CON] ([RES_ID], [AER_ID], [PIST_ID]) VALUES (9, 14, 2)
GO
INSERT [dbo].[CON] ([RES_ID], [AER_ID], [PIST_ID]) VALUES (10, 12, 1)
GO
INSERT [dbo].[CON] ([RES_ID], [AER_ID], [PIST_ID]) VALUES (11, 13, 5)
GO
INSERT [dbo].[CON] ([RES_ID], [AER_ID], [PIST_ID]) VALUES (12, 8, 3)
GO
INSERT [dbo].[CON] ([RES_ID], [AER_ID], [PIST_ID]) VALUES (13, 7, 3)
GO


SET IDENTITY_INSERT [dbo].[ANN] ON 
GO
INSERT [dbo].[ANN] ([ANN_ID], [ANN_MOTIF], [ANN_DTE], [ANN_HEU]) VALUES (1, N'Intempéries', CAST(N'2020-12-13T00:00:00.000' AS DateTime), CAST(N'10:00:00' AS Time))
GO
INSERT [dbo].[ANN] ([ANN_ID], [ANN_MOTIF], [ANN_DTE], [ANN_HEU]) VALUES (2, N'Maladie', CAST(N'2021-03-01T00:00:00.000' AS DateTime), CAST(N'13:00:00' AS Time))
GO
INSERT [dbo].[ANN] ([ANN_ID], [ANN_MOTIF], [ANN_DTE], [ANN_HEU]) VALUES (3, N'Confinement', CAST(N'2021-03-15T00:00:00.000' AS DateTime), CAST(N'09:00:00' AS Time))
GO
INSERT [dbo].[ANN] ([ANN_ID], [ANN_MOTIF], [ANN_DTE], [ANN_HEU]) VALUES (4, N'Confinement', CAST(N'2021-03-15T00:00:00.000' AS DateTime), CAST(N'09:00:00' AS Time))
GO
INSERT [dbo].[ANN] ([ANN_ID], [ANN_MOTIF], [ANN_DTE], [ANN_HEU]) VALUES (5, N'Retrait temporaire de licence', CAST(N'2021-08-01T00:00:00.000' AS DateTime), CAST(N'16:00:00' AS Time))
GO
SET IDENTITY_INSERT [dbo].[ANN] OFF
GO


INSERT [dbo].[SUB] ([ANN_ID], [RES_ID]) VALUES (1, 3)
GO
INSERT [dbo].[SUB] ([ANN_ID], [RES_ID]) VALUES (2, 4)
GO
INSERT [dbo].[SUB] ([ANN_ID], [RES_ID]) VALUES (3, 5)
GO
INSERT [dbo].[SUB] ([ANN_ID], [RES_ID]) VALUES (4, 6)
GO
INSERT [dbo].[SUB] ([ANN_ID], [RES_ID]) VALUES (5, 8)
GO


SET IDENTITY_INSERT [dbo].[IND] ON 
GO
INSERT [dbo].[IND] ([IND_ID], [IND_DTE_DEB], [IND_HEU_DEB], [IND_DTE_FIN], [IND_HEU_FIN], [IND_DES], [AER_ID]) VALUES (1, CAST(N'2020-01-13T00:00:00.000' AS DateTime), CAST(N'09:00:00' AS Time), CAST(N'2020-01-23T00:00:00.000' AS DateTime), CAST(N'19:00:00' AS Time), N'Réparation', 1)
GO
INSERT [dbo].[IND] ([IND_ID], [IND_DTE_DEB], [IND_HEU_DEB], [IND_DTE_FIN], [IND_HEU_FIN], [IND_DES], [AER_ID]) VALUES (2, CAST(N'2020-05-04T00:00:00.000' AS DateTime), CAST(N'14:00:00' AS Time), CAST(N'2020-05-04T00:00:00.000' AS DateTime), CAST(N'16:00:00' AS Time), N'Location privée', 10)
GO
INSERT [dbo].[IND] ([IND_ID], [IND_DTE_DEB], [IND_HEU_DEB], [IND_DTE_FIN], [IND_HEU_FIN], [IND_DES], [AER_ID]) VALUES (3, CAST(N'2021-02-01T00:00:00.000' AS DateTime), CAST(N'09:00:00' AS Time), CAST(N'2021-05-01T00:00:00.000' AS DateTime), CAST(N'19:00:00' AS Time), N'Réparation', 5)
GO
INSERT [dbo].[IND] ([IND_ID], [IND_DTE_DEB], [IND_HEU_DEB], [IND_DTE_FIN], [IND_HEU_FIN], [IND_DES], [AER_ID]) VALUES (4, CAST(N'2021-07-02T00:00:00.000' AS DateTime), CAST(N'15:30:00' AS Time), CAST(N'2021-07-05T00:00:00.000' AS DateTime), CAST(N'19:00:00' AS Time), N'Location privée', 13)
GO
INSERT [dbo].[IND] ([IND_ID], [IND_DTE_DEB], [IND_HEU_DEB], [IND_DTE_FIN], [IND_HEU_FIN], [IND_DES], [AER_ID]) VALUES (5, CAST(N'2021-08-14T00:00:00.000' AS DateTime), CAST(N'09:00:00' AS Time), CAST(N'2021-08-16T00:00:00.000' AS DateTime), CAST(N'19:00:00' AS Time), N'Evènement', 15)
GO
SET IDENTITY_INSERT [dbo].[IND] OFF
GO


SET IDENTITY_INSERT [dbo].[COTI] ON 
GO
INSERT [dbo].[COTI] ([COTI_ID], [COTI_DTE_EMI], [COTI_DTE_PAI], [COTI_MONT], [MBR_ID]) VALUES (2, CAST(N'2019-12-01T00:00:00.000' AS DateTime), CAST(N'2019-12-02T00:00:00.000' AS DateTime), CAST(5 AS Decimal(18, 0)), 16)
GO
INSERT [dbo].[COTI] ([COTI_ID], [COTI_DTE_EMI], [COTI_DTE_PAI], [COTI_MONT], [MBR_ID]) VALUES (3, CAST(N'2019-12-01T00:00:00.000' AS DateTime), CAST(N'2019-12-02T00:00:00.000' AS DateTime), CAST(10 AS Decimal(18, 0)), 18)
GO
INSERT [dbo].[COTI] ([COTI_ID], [COTI_DTE_EMI], [COTI_DTE_PAI], [COTI_MONT], [MBR_ID]) VALUES (4, CAST(N'2020-02-01T00:00:00.000' AS DateTime), CAST(N'2020-02-28T00:00:00.000' AS DateTime), CAST(110 AS Decimal(18, 0)), 9)
GO
INSERT [dbo].[COTI] ([COTI_ID], [COTI_DTE_EMI], [COTI_DTE_PAI], [COTI_MONT], [MBR_ID]) VALUES (5, CAST(N'2020-02-01T00:00:00.000' AS DateTime), CAST(N'2020-02-13T00:00:00.000' AS DateTime), CAST(110 AS Decimal(18, 0)), 12)
GO
INSERT [dbo].[COTI] ([COTI_ID], [COTI_DTE_EMI], [COTI_DTE_PAI], [COTI_MONT], [MBR_ID]) VALUES (6, CAST(N'2020-11-01T00:00:00.000' AS DateTime), CAST(N'2020-11-15T00:00:00.000' AS DateTime), CAST(10 AS Decimal(18, 0)), 15)
GO
INSERT [dbo].[COTI] ([COTI_ID], [COTI_DTE_EMI], [COTI_DTE_PAI], [COTI_MONT], [MBR_ID]) VALUES (7, CAST(N'2021-04-01T00:00:00.000' AS DateTime), CAST(N'2020-07-08T00:00:00.000' AS DateTime), CAST(90 AS Decimal(18, 0)), 10)
GO
INSERT [dbo].[COTI] ([COTI_ID], [COTI_DTE_EMI], [COTI_DTE_PAI], [COTI_MONT], [MBR_ID]) VALUES (8, CAST(N'2021-06-01T00:00:00.000' AS DateTime), CAST(N'2021-06-03T00:00:00.000' AS DateTime), CAST(30 AS Decimal(18, 0)), 14)
GO
SET IDENTITY_INSERT [dbo].[COTI] OFF
GO


INSERT [dbo].[SYM] ([MBR_ID]) VALUES (14)
GO
INSERT [dbo].[SYM] ([MBR_ID]) VALUES (16)
GO
